gender;SeniorCitizen;Partner;Dependents;tenure;PhoneService;MultipleLines;InternetService;OnlineSecurity;OnlineBackup;DeviceProtection;TechSupport;StreamingTV;StreamingMovies;Contract;PaperlessBilling;PaymentMethod;MonthlyCharges;TotalCharges
1;1;1;0;2;1;0;1;0;0;2;0;2;2;0;1;1;955;181650
0;0;1;1;27;1;0;0;2;2;2;2;0;0;1;0;3;6615;1874450
1;0;0;0;1;1;0;2;1;1;1;1;1;1;0;0;0;202;2020
1;1;0;0;1;1;0;0;0;0;0;0;0;0;0;0;0;4525;45250
0;0;1;1;72;1;2;1;2;2;0;2;2;0;2;0;0;999;725170
1;0;0;0;5;1;0;1;0;0;0;0;0;0;0;1;2;697;31690
0;0;0;0;46;1;0;1;0;0;2;0;0;0;0;1;1;748;354830
1;0;0;0;34;1;2;1;0;2;2;0;2;2;0;1;2;10635;3549250
0;0;0;0;11;1;2;1;0;0;2;0;2;2;0;1;0;9785;110540
1;0;1;1;10;1;0;0;0;2;0;0;0;0;1;0;3;4955;47570
0;0;1;1;70;1;2;0;2;2;0;0;2;0;2;1;1;692;4872350
0;0;1;1;17;1;0;2;1;1;1;1;1;1;1;0;3;2075;418250
0;0;0;0;63;1;2;0;2;2;2;2;2;0;2;1;1;7985;4861450
0;0;1;0;13;1;2;0;2;2;0;2;2;0;0;1;2;762;981450
0;0;0;0;49;1;2;1;0;0;0;0;0;2;0;1;2;845;390670
1;0;0;0;2;1;0;0;0;2;0;0;0;0;0;0;3;4925;970
0;0;0;0;2;1;0;1;0;0;0;0;2;0;0;1;2;8065;144150
1;0;0;0;52;1;2;0;2;0;0;2;2;2;2;1;1;7975;421780
0;0;1;1;69;1;2;0;2;0;2;2;0;0;2;1;1;6415;425410
0;1;0;0;43;1;2;1;0;2;0;0;2;0;0;1;2;9025;3838750
0;0;0;0;15;1;0;1;2;2;0;0;2;2;0;1;1;991;142640
0;1;1;0;25;1;2;0;2;0;0;2;2;0;0;1;1;695;1752650
0;1;1;0;8;1;2;1;0;2;0;0;0;0;0;1;1;8065;63330
0;1;1;1;60;1;0;0;2;2;2;2;0;2;1;1;1;7485;4456350
1;1;0;0;18;1;2;1;0;0;0;0;2;2;0;1;2;9545;1752550
0;0;1;1;63;1;2;1;2;0;0;0;2;2;1;1;1;9965;631120
1;1;1;1;66;1;2;1;0;2;2;2;2;2;1;1;2;10845;7076350
0;0;1;1;34;1;2;2;1;1;1;1;1;1;2;0;1;2495;89430
0;0;0;0;72;1;2;1;0;0;2;2;2;2;2;1;1;1075;785370
0;0;1;0;47;1;2;1;0;0;2;0;2;2;0;1;2;1005;470710
1;0;0;0;60;1;2;1;0;2;0;0;2;0;0;1;0;899;545070
1;0;1;0;72;0;1;0;2;2;2;0;0;0;2;0;0;421;29620
0;0;1;1;18;1;0;0;0;0;2;2;0;0;1;1;1;544;95710
0;0;0;0;9;1;2;1;0;0;0;0;2;2;0;0;2;944;857250
0;0;0;0;3;1;0;0;0;2;0;2;2;2;0;1;2;753;24410
1;0;1;0;47;1;2;1;0;2;0;0;0;0;1;1;2;789;3650350
0;0;0;0;31;1;0;0;0;2;2;2;2;2;2;0;3;792;249720
0;0;1;1;50;1;0;2;1;1;1;1;1;1;2;0;0;2015;93090
1;0;0;0;10;1;0;1;2;0;2;0;0;0;0;1;3;7985;887350
1;0;0;0;1;1;0;0;0;0;0;2;0;0;0;0;3;4905;49050
0;0;1;1;52;1;0;2;1;1;1;1;1;1;1;1;2;204;1090650
1;1;1;1;64;1;2;1;2;0;2;2;2;2;2;1;0;1116;70990
1;0;1;1;62;1;2;2;1;1;1;1;1;1;2;1;0;2425;142460
0;0;0;1;3;1;0;0;2;0;0;2;0;2;0;1;0;645;17740
0;1;0;0;56;1;2;1;2;2;2;0;2;2;1;0;2;1105;613950
0;0;0;0;46;1;0;0;0;0;0;0;0;2;1;0;1;5565;2688850
0;0;1;1;8;1;0;0;2;2;0;0;0;0;0;0;3;5465;482250
1;1;0;0;30;1;0;0;2;2;0;0;2;2;0;1;2;7475;211130
0;0;1;1;45;1;2;2;1;1;1;1;1;1;1;1;1;259;121660
0;0;0;1;1;1;0;1;0;0;0;0;2;0;0;1;2;7935;79350
0;0;1;1;11;0;1;0;2;0;0;0;2;2;0;0;2;5055;565350
0;0;1;0;7;1;0;1;0;0;2;0;0;0;0;1;0;7515;49690
0;0;0;0;42;1;0;1;0;2;2;2;2;2;0;1;0;1038;432750
0;0;1;0;49;1;0;2;1;1;1;1;1;1;2;1;0;2015;973350
1;0;0;0;9;1;2;1;0;2;0;0;2;2;0;1;1;993;918750
0;0;1;0;35;1;0;0;2;0;0;0;2;0;1;1;0;6215;2215450
0;0;1;1;48;1;0;2;1;1;1;1;1;1;2;0;0;2065;10570
0;0;1;1;46;1;0;2;1;1;1;1;1;1;2;1;3;1995;92710
1;0;1;0;29;0;1;0;0;0;0;0;2;0;0;0;3;3375;1009250
1;0;1;1;30;1;0;1;0;2;2;0;0;0;0;0;0;8205;257020
1;1;0;0;1;1;0;1;0;0;0;2;0;0;0;0;2;747;7470
1;0;1;1;66;1;2;0;2;0;2;2;2;2;2;1;3;84;5714250
0;0;0;0;65;1;2;1;2;2;2;0;2;2;0;1;1;11105;71070
1;0;0;0;72;1;2;1;0;2;2;0;2;2;2;1;0;1009;7459050
0;0;0;0;12;1;2;1;2;0;0;0;0;0;0;1;2;7895;927350
1;0;1;1;71;1;2;0;2;2;0;2;0;0;1;1;1;6685;474870
1;0;0;0;5;1;0;2;1;1;1;1;1;1;0;0;3;2105;113850
1;0;0;0;52;1;0;2;1;1;1;1;1;1;2;0;0;21;110720
0;1;1;0;25;1;0;1;0;2;2;0;2;2;0;1;2;985;251450
1;0;0;0;1;1;0;2;1;1;1;1;1;1;0;0;3;202;2020
0;0;1;1;1;1;0;2;1;1;1;1;1;1;0;0;2;1945;19450
1;0;0;0;38;1;2;1;0;0;2;2;2;0;1;0;0;95;360560
0;1;1;0;66;0;1;0;0;2;2;0;2;0;1;0;0;4555;3027250
1;0;1;0;68;1;2;1;0;2;2;2;2;2;2;1;0;110;7611850
1;0;0;0;5;0;1;0;0;0;0;0;0;0;0;0;3;243;10020
0;0;1;1;72;1;2;1;2;2;0;0;2;2;1;1;2;10415;7303050
0;0;0;0;32;0;1;0;2;0;0;0;0;0;1;0;3;3015;927650
1;0;0;0;43;1;2;1;0;0;0;0;2;2;1;0;3;9435;392130
1;0;1;1;72;1;0;2;1;1;1;1;1;1;2;0;1;194;1363250
1;0;1;0;55;1;2;1;2;2;0;0;2;0;0;1;2;9675;523890
0;0;0;0;52;1;0;0;2;0;2;2;0;0;1;0;1;5795;3042250
0;0;0;0;43;1;0;1;0;2;2;0;2;0;0;1;2;9165;395410
0;1;1;0;37;1;2;1;0;0;0;0;0;0;0;1;2;765;2868150
0;0;1;1;64;0;1;0;0;2;0;2;2;2;2;1;2;546;342350
1;0;1;1;3;1;0;1;2;2;0;0;2;0;0;0;2;8985;24840
0;0;0;0;36;0;1;0;2;0;0;0;0;0;2;0;0;3105;1126350
0;0;1;1;10;1;2;1;2;0;0;0;2;2;0;1;2;10025;1064650
0;0;0;0;41;1;0;2;1;1;1;1;1;1;2;0;3;2065;835150
1;0;1;1;27;1;2;1;0;2;0;2;0;0;0;1;1;852;215160
0;0;1;1;56;1;2;1;0;0;2;0;2;2;1;1;1;998;5515450
0;0;0;0;6;1;0;2;1;1;1;1;1;1;0;0;3;207;112750
1;0;0;0;3;1;2;1;0;0;0;0;0;0;0;1;2;744;229550
0;0;1;1;7;1;0;0;2;0;0;0;0;0;0;0;3;507;350350
0;0;1;1;4;1;0;2;1;1;1;1;1;1;0;0;3;2085;6290
1;0;0;0;33;1;0;1;2;0;0;2;2;0;2;1;2;8895;3027650
0;1;0;0;27;1;2;1;0;0;2;0;0;0;0;1;2;7805;213550
1;0;1;0;72;1;2;2;1;1;1;1;1;1;2;1;0;2355;1723950
1;0;0;0;1;1;0;2;1;1;1;1;1;1;0;0;3;1975;19750
1;1;0;0;71;0;1;0;2;2;0;0;2;2;1;1;2;5645;3985350
0;0;0;0;13;1;2;1;0;0;0;0;0;2;0;1;2;8595;1215650
0;0;1;1;25;0;1;0;2;2;2;0;2;2;0;1;1;586;1502650
1;0;0;0;67;1;0;0;0;0;0;2;0;0;2;0;0;5055;326010
1;0;0;0;1;0;1;0;0;0;0;0;0;2;0;1;2;3545;35450
1;0;0;0;2;1;0;0;0;0;0;0;0;0;0;0;2;4435;81250
0;0;0;0;43;1;2;2;1;1;1;1;1;1;2;1;1;257;118820
0;0;0;0;23;1;0;1;2;0;0;0;0;0;0;1;0;75;177850
0;0;1;1;64;1;0;2;1;1;1;1;1;1;2;0;3;202;1277750
1;0;0;1;57;1;0;2;1;1;1;1;1;1;2;1;3;196;1170550
0;1;1;0;1;1;0;1;0;0;0;0;0;0;0;1;3;7045;70450
0;1;1;1;72;1;2;0;2;2;2;2;2;2;2;1;1;8805;6425650
0;0;0;0;8;1;2;0;2;0;0;2;0;2;0;0;2;7115;563650
0;0;1;0;61;1;2;1;0;2;0;0;2;2;2;1;0;10105;5971250
1;0;0;0;64;1;2;1;2;2;0;0;0;0;1;1;1;843;5289050
1;1;1;0;71;1;2;2;1;1;1;1;1;1;2;0;0;2395;175620
0;0;1;1;65;1;2;1;2;2;0;2;2;0;2;1;1;9905;641670
1;0;0;0;3;1;0;2;1;1;1;1;1;1;1;0;3;196;61350
1;0;0;0;1;1;0;0;0;0;0;0;0;0;0;1;2;4565;45650
1;0;0;1;30;1;0;0;0;2;2;0;2;0;1;0;1;645;1929950
1;0;1;1;15;1;0;0;0;2;2;2;0;2;0;1;3;695;107140
0;0;1;1;8;1;0;0;0;0;0;2;2;2;0;1;2;6855;564350
1;0;0;0;7;1;2;1;0;0;0;0;2;2;0;0;3;95;65550
0;0;1;1;70;1;2;1;2;2;2;0;2;2;1;1;1;10815;7930550
1;0;1;1;62;1;0;0;2;2;2;2;2;2;2;0;2;861;5215250
0;0;1;1;6;1;0;2;1;1;1;1;1;1;0;0;3;197;11350
0;0;1;1;14;1;0;1;0;0;0;0;0;2;0;1;0;809;115280
0;0;0;0;22;1;2;1;0;0;0;0;2;0;0;1;0;8415;1821950
1;0;1;1;22;1;0;2;1;1;1;1;1;1;1;0;3;2015;41990
1;0;1;1;16;1;0;0;2;0;2;0;2;0;2;0;3;6425;10240
1;0;0;0;10;1;2;2;1;1;1;1;1;1;2;0;0;257;25160
0;0;0;1;13;1;0;0;2;2;0;0;0;0;0;1;2;56;764550
0;0;1;0;20;1;2;1;2;0;0;0;0;0;0;0;2;824;1592350
0;0;0;0;2;1;0;1;0;0;0;0;0;0;0;1;2;697;13520
1;0;0;0;53;1;2;0;0;2;2;2;0;2;2;1;0;739;3958250
0;0;1;1;11;1;0;2;1;1;1;1;1;1;1;0;3;206;23390
1;0;1;0;69;1;0;2;1;1;1;1;1;1;2;0;3;199;1363450
0;0;0;0;4;1;0;1;0;0;0;0;0;0;0;1;0;709;2730
1;0;1;0;72;1;2;0;2;2;2;2;2;2;2;1;0;8905;6254450
1;1;1;0;58;0;1;0;0;2;2;0;0;2;0;1;2;453;265120
0;0;1;1;16;1;0;2;1;1;1;1;1;1;0;0;2;204;32140
1;0;1;0;43;1;0;1;2;0;2;2;0;0;1;1;0;8425;3539250
0;0;1;0;2;1;2;1;0;0;2;2;2;2;0;1;2;1044;24280
1;0;1;0;14;1;0;0;0;2;2;2;2;2;2;0;3;8195;1181750
0;0;1;0;53;1;0;1;0;0;2;0;2;2;1;1;0;9485;500020
0;0;0;0;32;1;0;2;1;1;1;1;1;1;1;0;0;2055;654550
0;0;1;0;34;1;2;2;1;1;1;1;1;1;0;0;2;247;78020
0;1;0;0;15;1;2;1;0;0;0;0;0;0;0;1;3;7445;114570
0;1;0;0;7;1;0;1;2;0;0;0;0;0;0;0;0;7645;50360
0;0;1;1;15;1;2;1;0;2;2;0;2;2;0;1;0;10535;1559250
1;0;1;0;61;1;0;2;1;1;1;1;1;1;1;1;1;2055;12520
0;0;0;0;1;0;1;0;0;2;0;0;0;0;0;0;0;2995;29950
0;0;0;0;1;1;0;0;0;0;0;0;0;0;0;0;3;453;4530
1;0;0;0;8;1;2;1;0;0;0;0;0;2;0;0;0;845;662650
1;0;1;1;33;1;0;0;2;0;2;0;2;2;1;0;1;7475;245330
0;0;0;0;13;1;0;1;0;2;2;0;0;0;0;1;2;7925;1111650
0;0;1;0;1;0;1;0;0;0;0;0;0;0;0;1;2;248;2480
1;0;0;0;20;1;0;0;0;2;0;0;0;0;0;1;3;518;1023850
1;0;0;0;3;0;1;0;0;0;0;2;0;0;0;0;2;304;82150
0;0;0;0;13;1;0;2;1;1;1;1;1;1;1;0;2;1965;24480
0;0;1;0;40;1;2;0;0;2;0;0;0;0;0;0;1;566;237910
1;0;1;1;43;1;2;0;2;0;0;2;0;2;1;1;1;719;3173350
1;0;1;0;6;1;0;1;0;2;2;0;0;2;0;1;2;91;5310
0;0;1;1;69;1;0;2;1;1;1;1;1;1;2;0;0;1975;137540
0;0;1;1;72;1;2;1;2;2;2;0;2;2;2;0;1;1097;812930
1;0;1;1;59;1;0;2;1;1;1;1;1;1;2;0;1;193;119270
0;0;1;0;20;1;0;1;2;2;0;2;2;0;0;1;2;9655;1901650
1;0;1;1;24;1;2;2;1;1;1;1;1;1;2;1;0;241;58740
1;0;0;0;59;1;2;1;0;2;2;2;2;2;0;1;2;11135;6519750
1;0;1;1;72;1;2;1;0;2;2;2;2;2;2;1;0;11225;8041650
1;0;0;1;1;1;0;2;1;1;1;1;1;1;0;0;3;2075;20750
0;0;1;0;27;1;0;1;2;0;0;2;2;2;1;1;1;1019;2681150
0;0;0;0;14;1;0;1;0;2;0;2;0;0;0;1;1;8005;111230
1;0;1;1;71;1;2;1;2;0;2;0;2;2;2;0;2;10555;740550
1;0;0;1;13;1;0;1;0;0;0;0;2;0;0;1;1;783;1033950
1;0;0;0;44;1;0;1;0;0;0;0;0;0;0;0;1;6885;2958950
0;0;0;0;33;1;0;1;0;2;0;2;0;0;1;1;0;7995;2684850
1;0;1;1;72;0;1;0;2;2;2;2;0;2;2;1;1;5545;417920
1;0;0;0;1;1;0;1;0;0;0;0;0;2;0;0;2;799;7990
0;0;0;0;19;1;0;1;2;0;2;2;2;2;0;1;2;1066;1934450
1;0;1;0;64;1;0;1;0;2;2;2;2;2;1;1;1;10245;665410
1;0;0;0;2;1;0;0;0;0;0;0;0;0;0;1;1;46;8450
0;0;0;0;1;0;1;0;0;0;0;0;0;0;0;0;2;2525;25250
1;0;0;1;61;1;0;2;1;1;1;1;1;1;2;0;3;1975;112420
0;0;1;1;29;1;0;2;1;1;1;1;1;1;1;0;2;20;540050
1;1;1;0;23;1;2;1;0;0;0;0;0;2;0;0;2;868;1975850
0;0;1;0;57;0;1;0;2;2;2;0;2;2;0;1;0;5875;3437450
1;0;1;1;72;0;1;0;2;2;2;2;0;0;2;0;1;4525;313980
1;0;1;0;66;0;1;0;2;2;2;2;2;0;2;1;0;566;378920
1;0;1;1;65;1;2;0;0;2;2;2;2;2;2;1;0;842;532450
0;0;0;0;8;1;0;1;0;0;0;0;2;0;0;1;0;80;62460
0;0;0;0;4;1;0;1;0;0;0;0;0;0;0;1;2;7015;268350
0;0;1;0;71;1;2;2;1;1;1;1;1;1;2;0;0;2475;183690
1;0;1;1;1;1;0;2;1;1;1;1;1;1;1;1;2;202;2020
1;0;1;0;4;1;0;0;0;0;0;2;0;0;0;0;3;5005;179350
0;0;0;0;12;1;0;2;1;1;1;1;1;1;1;1;0;1935;219350
1;0;0;0;24;0;1;0;2;0;0;0;2;2;1;1;3;506;1288750
0;0;1;1;31;1;0;0;2;0;2;2;2;2;1;1;3;8115;2545750
0;0;1;0;1;1;0;0;0;0;0;0;2;0;0;0;3;552;5520
1;0;0;0;30;1;2;1;0;0;0;2;0;2;0;1;1;899;2723150
0;0;1;1;47;1;2;0;2;2;0;2;2;2;2;1;1;853;4107250
1;0;0;0;54;1;2;1;2;2;0;2;2;2;2;1;1;108;5760650
1;0;0;0;50;1;0;1;2;2;0;2;0;2;0;1;1;935;474750
1;0;0;0;1;1;0;1;2;0;0;0;0;2;0;1;3;846;8460
0;0;0;0;72;1;0;2;1;1;1;1;1;1;2;0;1;2025;156690
0;0;0;0;29;1;2;2;1;1;1;1;1;1;0;0;2;2515;7020
1;0;0;0;2;1;2;0;0;2;0;0;0;0;0;1;3;544;11410
0;0;0;0;10;0;1;0;0;0;0;2;0;0;2;1;3;296;299050
1;0;1;0;18;1;2;1;0;0;0;0;0;0;0;1;2;7315;1305950
0;1;0;0;11;1;0;1;0;2;0;0;2;2;0;1;2;95;112030
1;0;0;0;16;1;0;2;1;1;1;1;1;1;2;0;3;1975;284350
0;0;0;0;72;1;2;0;0;2;2;2;2;2;2;0;0;866;635050
1;0;0;0;72;1;2;1;0;2;2;2;2;2;2;0;0;1092;787830
0;0;1;1;41;1;0;0;2;0;0;2;2;2;1;1;1;747;3187650
0;1;1;0;65;1;0;1;2;2;2;0;0;2;0;0;2;944;6126150
0;1;0;0;13;1;0;0;0;2;2;0;0;0;0;1;2;548;73130
1;1;0;0;4;1;0;1;2;0;0;0;0;0;0;0;2;7535;27340
1;0;0;0;41;1;2;0;0;0;2;0;0;2;1;0;3;65;253180
1;1;0;0;15;1;0;1;0;2;0;0;0;0;0;1;2;744;107430
1;0;0;0;1;1;0;0;2;0;0;0;0;0;0;1;3;4855;48550
1;0;0;0;42;1;2;1;2;2;2;0;0;2;1;1;2;99;4298450
0;0;1;0;51;1;0;1;2;2;2;0;2;0;1;1;2;935;4619550
0;0;1;1;2;1;0;1;0;0;0;0;0;0;0;0;2;704;147150
1;1;1;0;1;0;1;0;0;2;0;0;2;0;0;0;2;402;4020
1;0;0;1;32;1;2;0;0;2;2;2;2;2;1;0;1;837;263330
1;0;0;0;10;1;0;2;1;1;1;1;1;1;0;1;3;1985;193050
0;0;1;1;67;0;1;0;0;2;2;2;2;2;2;1;2;5955;410390
0;0;1;1;61;1;2;1;2;2;2;2;2;2;2;0;1;1151;7008150
1;0;0;0;50;1;2;1;2;2;2;2;2;2;1;0;1;11435;579110
0;0;1;0;2;1;0;0;0;0;0;0;0;0;0;1;1;446;80550
0;1;1;0;29;0;1;0;2;0;2;0;0;2;0;1;2;45;1228650
1;1;0;0;3;0;1;0;0;0;2;0;0;2;0;1;2;4115;13220
1;1;0;0;13;1;2;1;0;2;2;0;2;2;0;1;2;1069;136430
1;1;1;0;57;1;2;1;0;2;0;0;0;2;0;1;2;8985;4925350
0;0;0;0;31;0;1;0;2;2;0;2;0;2;2;1;0;4985;152010
0;0;1;0;45;1;2;1;2;2;2;2;2;2;1;0;3;1133;5032250
0;0;1;1;61;1;2;0;2;2;2;2;2;2;2;0;3;881;5526750
1;0;0;0;50;1;2;2;1;1;1;1;1;1;2;0;0;249;1195250
0;1;0;0;19;1;0;1;2;2;0;2;2;2;0;1;3;105;2007250
1;0;0;0;59;1;0;2;1;1;1;1;1;1;2;0;3;1935;109960
0;0;1;0;71;1;2;2;1;1;1;1;1;1;2;1;1;2425;1732950
0;1;0;0;16;1;0;1;0;0;0;2;2;2;0;1;2;9445;151120
1;0;1;0;57;1;0;0;2;2;0;2;0;0;2;1;2;5975;3450150
1;0;0;0;1;0;1;0;0;0;0;0;0;0;0;0;0;248;2480
1;1;1;0;20;1;2;1;0;2;0;2;2;2;0;0;2;10705;2172050
1;0;0;0;1;1;0;1;0;0;0;0;0;0;0;0;3;706;7060
1;0;1;0;5;1;2;1;0;2;0;2;0;0;0;1;2;854;40110
0;0;1;0;52;1;2;1;0;2;2;0;2;2;0;1;2;10505;5624850
1;1;1;0;21;1;0;0;2;2;0;0;0;2;0;1;0;6495;133980
1;0;0;0;14;0;1;0;0;0;2;2;2;2;0;1;2;55;771950
0;0;0;0;5;1;0;0;0;2;0;0;0;0;0;0;0;5055;244750
0;0;0;0;6;1;0;0;2;2;0;0;0;0;0;0;3;5515;32290
0;0;0;0;10;1;0;0;0;2;0;0;0;0;0;0;2;512;498250
0;0;0;1;1;1;2;2;1;1;1;1;1;1;0;0;3;254;2540
0;0;0;0;68;1;2;0;2;0;0;0;0;0;0;0;3;5445;3687750
1;0;1;1;18;1;0;1;0;0;2;0;2;2;0;0;3;9515;1779950
0;0;0;0;22;1;2;1;0;0;0;0;0;0;1;1;1;76;178360
0;0;0;0;20;1;0;0;0;0;0;0;0;0;0;1;2;4435;927150
1;0;1;0;1;1;0;1;0;0;0;0;0;0;0;0;2;70;700
1;1;0;0;8;1;0;1;0;2;0;0;0;0;0;1;2;745;606550
1;0;0;0;10;1;0;0;0;0;0;0;0;0;0;1;1;4485;43540
1;1;0;0;24;1;2;1;0;0;0;0;0;0;0;1;2;761;171270
1;0;0;0;35;1;0;0;2;2;2;0;0;0;1;0;3;612;202120
1;0;1;1;23;1;0;1;0;2;2;2;0;0;1;0;3;868;194080
0;1;0;0;6;1;0;1;0;0;0;0;2;2;0;1;2;8935;56780
0;0;0;0;12;1;0;2;1;1;1;1;1;1;0;0;3;197;220350
1;0;0;0;1;1;0;2;1;1;1;1;1;1;0;0;3;2025;20250
0;0;1;1;71;1;0;1;0;0;2;0;0;0;2;0;2;7605;5436450
1;1;1;0;35;1;2;1;0;0;2;0;2;2;0;1;2;1008;343750
1;0;1;1;40;1;2;0;0;0;2;0;2;2;0;1;2;7455;3015750
0;0;0;1;1;1;0;1;2;0;0;0;0;0;0;1;3;736;7360
1;0;0;0;23;1;0;0;0;0;0;0;2;2;1;1;0;649;150980
0;1;0;0;4;1;2;1;0;0;0;0;2;2;0;1;2;9545;39610
1;0;0;0;4;1;0;1;0;0;2;2;0;2;0;1;2;904;356650
0;0;1;1;68;0;1;0;0;2;2;2;2;2;2;0;1;603;41090
1;0;0;1;38;1;2;1;0;2;0;0;0;0;0;1;3;8185;314170
1;0;1;1;52;1;2;2;1;1;1;1;1;1;2;0;3;248;122910
1;1;1;0;32;1;2;1;0;0;0;0;0;0;0;1;2;749;2303350
1;0;1;1;29;1;0;0;0;0;2;2;2;2;2;0;3;7555;205440
1;1;1;1;38;1;2;1;0;2;0;0;2;2;0;0;2;10115;3741850
1;0;0;1;48;1;2;0;2;0;2;0;2;2;1;1;1;7875;3682450
0;0;0;0;1;1;0;2;1;1;1;1;1;1;0;1;0;1925;19250
0;0;0;0;22;1;0;1;2;0;0;2;0;2;0;1;2;8905;1886250
0;0;0;0;43;1;2;1;2;2;2;2;2;2;2;0;1;11505;489510
0;1;1;0;5;1;0;1;0;0;0;0;0;0;0;1;2;6935;34160
1;0;0;0;5;1;0;1;0;0;0;0;2;0;0;1;2;806;415550
1;0;1;1;51;1;2;1;2;2;0;2;2;2;1;0;1;11005;568640
1;0;0;0;71;1;0;2;1;1;1;1;1;1;2;1;1;199;135510
0;0;1;1;38;1;0;0;2;2;0;2;2;2;1;0;1;803;3058650
1;1;1;0;24;1;0;1;0;0;2;0;2;2;0;1;2;9315;2231050
1;0;1;0;35;1;2;1;0;0;0;2;2;0;0;1;1;915;3236350
0;1;0;0;54;1;2;0;2;2;0;2;2;2;1;0;0;8245;435010
0;0;1;1;72;0;1;0;0;2;2;2;2;2;2;1;2;60;42640
1;0;0;0;1;1;0;0;0;0;0;0;0;0;0;1;2;448;4480
0;0;1;1;9;1;0;0;2;0;0;0;0;0;1;0;3;486;42230
1;0;0;0;69;0;1;0;2;2;0;2;2;2;2;1;0;6005;417670
0;0;1;0;52;1;2;1;0;2;0;2;2;2;0;1;1;1027;513810
0;1;1;0;11;1;0;1;0;0;0;2;2;0;0;1;2;829;880050
0;1;0;0;2;1;0;1;0;0;0;0;0;0;0;1;2;7035;139050
0;1;1;1;28;0;1;0;0;0;0;0;2;0;0;1;2;359;973650
0;1;0;0;17;1;2;1;0;0;2;0;0;0;0;1;1;8265;1470050
0;0;1;1;35;1;0;2;1;1;1;1;1;1;2;1;3;1985;739350
0;0;0;0;8;1;0;2;1;1;1;1;1;1;1;1;3;192;161950
1;0;0;0;46;1;2;1;0;2;2;0;2;0;1;1;1;949;4422950
0;0;0;0;7;1;2;1;0;0;0;0;0;0;0;1;2;7385;511250
0;0;0;0;2;1;2;1;0;0;2;0;0;0;0;0;3;806;15580
1;0;1;1;68;1;2;0;0;2;2;2;0;2;1;1;0;758;5293950
0;0;0;0;43;1;2;1;0;2;2;0;2;2;2;1;2;1046;4759850
0;0;0;0;68;1;2;0;2;2;2;2;2;2;2;1;2;8815;6148450
0;0;0;0;36;1;0;1;0;2;0;0;2;2;0;1;1;948;3565650
1;0;1;0;63;1;2;1;0;2;2;0;2;2;0;1;2;1034;66030
0;1;0;0;32;1;0;0;0;2;0;2;0;0;0;0;0;5465;183010
0;0;1;0;71;1;2;0;2;2;2;2;2;2;2;0;1;8575;622380
0;0;1;1;66;1;2;0;2;2;2;0;0;0;0;1;0;6745;4508650
1;0;0;0;63;1;0;2;1;1;1;1;1;1;1;0;3;205;1328150
0;0;0;1;41;1;0;2;1;1;1;1;1;1;1;1;1;2025;8650
0;1;0;0;1;1;2;1;0;0;0;0;0;0;0;1;2;721;7210
0;0;0;0;2;1;0;1;0;0;0;0;2;2;0;1;2;904;16820
0;0;1;0;70;1;0;2;1;1;1;1;1;1;2;0;0;1945;130350
0;0;0;0;23;0;1;0;0;0;0;0;2;2;0;1;2;4495;996850
0;1;1;0;64;1;0;1;2;2;2;0;0;2;1;0;0;97;643090
1;0;1;1;37;1;2;0;2;0;2;2;0;0;2;1;1;628;2278750
1;0;0;1;17;1;0;0;0;0;0;0;0;0;1;0;3;446;68140
0;1;0;0;7;1;0;1;0;0;0;0;2;2;0;1;2;8915;574350
1;0;1;1;4;1;2;1;0;2;2;0;0;0;0;1;0;848;37190
0;1;0;0;21;0;1;0;2;0;0;0;2;0;0;1;2;419;84010
0;0;0;0;10;1;0;1;0;0;0;0;0;2;0;1;0;8025;8460
0;1;0;0;16;1;2;0;2;0;0;0;0;0;0;1;2;541;8890
1;0;1;0;64;1;2;1;0;2;0;2;2;2;2;1;2;10525;682340
1;1;1;0;27;0;1;0;2;0;0;0;0;0;0;0;1;3075;80510
1;0;1;1;42;1;2;1;2;0;0;0;2;2;1;0;2;971;4016750
1;0;0;1;5;1;0;2;1;1;1;1;1;1;0;0;3;202;83750
0;0;0;0;41;1;0;1;0;2;0;2;2;2;2;1;0;988;3959150
1;0;1;0;58;1;0;0;0;0;2;0;0;0;1;0;1;503;2878550
0;0;0;0;47;1;0;2;1;1;1;1;1;1;2;1;3;2055;94570
1;0;0;0;18;1;0;1;0;0;0;2;0;0;0;1;0;759;1373050
1;0;0;0;5;1;0;1;0;0;2;0;2;2;0;0;0;965;492550
1;0;1;0;23;1;0;0;2;0;0;0;0;2;0;1;0;5995;14060
0;0;0;0;1;1;0;2;1;1;1;1;1;1;0;0;3;1915;19150
1;0;1;0;71;1;2;1;0;0;2;0;2;2;1;1;1;9865;6962850
1;0;1;1;72;1;2;1;2;2;2;2;2;2;2;1;1;1126;8126650
1;0;1;1;33;1;0;2;1;1;1;1;1;1;1;0;3;206;690250
1;0;0;0;2;1;2;1;0;0;0;0;2;0;0;1;2;8565;18150
1;0;0;1;24;0;1;0;2;0;0;2;0;0;2;0;3;3575;83080
0;0;1;1;56;1;2;1;0;2;2;2;0;2;1;1;1;9975;560840
1;0;0;0;37;1;0;1;0;2;0;0;2;2;0;1;1;961;364680
0;0;0;0;43;1;2;0;0;2;2;2;2;2;1;0;1;851;3662250
1;0;0;0;1;0;1;0;0;0;0;0;0;0;0;0;3;2535;25350
0;0;1;0;25;1;2;1;0;0;2;2;2;2;0;1;0;10495;256650
0;0;0;0;61;1;2;0;2;2;2;2;2;2;2;0;2;8965;530870
1;0;0;0;17;1;2;1;0;0;2;2;0;0;1;0;2;8675;1410250
0;0;1;0;41;1;0;1;0;2;2;2;0;0;1;1;0;862;3339050
1;0;0;0;1;1;0;0;0;2;0;0;0;0;0;0;3;5065;50650
1;1;1;1;72;0;1;0;2;2;2;2;2;2;2;1;0;648;4732350
1;0;0;0;1;1;2;1;0;2;0;0;0;2;0;1;1;9085;90850
1;0;0;0;48;1;2;1;0;2;2;0;2;2;2;1;0;1081;5067450
1;1;1;0;11;1;0;2;1;1;1;1;1;1;0;0;3;1995;214750
0;1;1;0;55;1;2;1;0;2;2;0;0;0;0;1;2;8545;487470
0;0;0;0;42;0;1;0;2;2;2;2;0;2;1;1;2;5475;2348450
1;0;0;0;44;1;2;1;0;0;2;0;0;2;0;1;3;904;40630
1;0;0;1;1;1;0;0;0;0;0;0;0;0;0;0;2;44;440
0;0;0;0;27;1;2;1;0;0;0;0;2;2;0;1;0;956;2595250
1;1;1;0;27;1;2;0;0;2;2;2;2;2;0;1;0;848;2309550
0;1;0;0;2;1;0;0;0;0;0;0;0;0;0;1;2;443;8930
0;0;0;0;19;1;0;2;1;1;1;1;1;1;0;0;3;199;367550
0;1;1;0;42;1;2;1;0;0;0;0;2;2;0;1;2;9505;394450
0;0;0;0;66;1;2;0;2;2;2;2;2;2;2;1;1;9005;5965950
1;1;1;0;33;1;2;1;2;0;2;2;2;2;0;1;0;1099;369470
0;0;0;0;34;1;0;1;0;2;0;0;0;0;0;1;1;7395;2524450
1;1;0;0;33;0;1;0;0;0;2;2;2;2;0;1;2;546;180370
0;0;1;1;23;1;0;2;1;1;1;1;1;1;1;0;3;2005;41510
0;0;0;0;32;1;0;2;1;1;1;1;1;1;1;0;0;1975;624150
0;0;0;0;11;1;0;2;1;1;1;1;1;1;1;0;1;2005;23770
1;0;1;1;69;1;2;1;0;0;2;0;2;2;0;1;1;9945;700760
0;0;1;0;68;1;0;0;2;0;0;2;0;0;1;0;0;559;384880
1;0;0;0;20;1;0;2;1;1;1;1;1;1;2;1;3;197;41940
1;0;0;0;72;1;0;2;1;1;1;1;1;1;2;1;1;198;1468750
1;0;1;1;60;1;2;1;2;0;2;0;2;0;1;1;0;954;58120
1;1;1;1;32;1;0;1;0;2;0;0;2;2;0;1;3;9395;2861450
0;0;0;0;1;1;0;2;1;1;1;1;1;1;0;1;3;199;1990
1;0;0;0;1;1;0;2;1;1;1;1;1;1;0;1;3;196;1960
1;1;0;0;3;1;2;1;0;2;0;0;0;0;0;1;2;8135;23370
0;0;1;0;46;1;2;2;1;1;1;1;1;1;1;1;0;2445;1066150
0;0;1;0;29;1;2;1;0;0;0;0;0;0;0;1;2;7495;2149050
1;0;0;0;51;1;2;1;0;2;2;2;0;0;0;1;2;8735;44730
0;1;1;0;48;1;0;1;0;0;0;0;0;0;0;1;0;7065;3545050
0;0;1;1;16;1;0;1;0;2;0;0;0;0;0;0;0;7325;1195750
1;0;1;0;70;1;2;1;0;2;2;2;0;2;2;1;0;987;685890
0;0;1;1;40;1;2;2;1;1;1;1;1;1;2;1;3;248;102470
0;0;1;1;22;1;0;1;0;2;0;0;0;2;0;0;2;833;184590
0;1;0;0;1;1;0;1;0;0;2;0;0;0;0;1;0;753;7530
0;0;1;1;5;1;2;2;1;1;1;1;1;1;0;1;3;243;132250
0;0;0;0;7;1;0;1;0;0;0;0;0;0;0;1;0;6985;515450
1;0;0;1;29;1;2;1;0;2;2;2;0;2;1;0;1;10055;2830450
1;0;1;1;44;1;2;2;1;1;1;1;1;1;1;0;3;257;111050
0;0;0;0;10;0;1;0;2;2;2;0;0;0;0;0;0;407;44930
0;1;1;0;55;1;2;0;0;0;0;0;0;0;0;0;0;5165;2838550
1;1;1;0;52;1;2;1;0;2;2;0;2;2;1;1;0;1051;537640
0;0;1;1;10;1;2;1;0;0;0;0;0;2;0;0;2;8595;85860
1;0;0;0;18;1;2;1;0;0;0;0;0;0;0;1;0;756;1395050
0;0;1;0;68;1;2;0;2;0;0;2;0;0;1;0;0;5825;397570
0;0;1;1;61;1;0;2;1;1;1;1;1;1;0;1;3;194;1182550
0;0;1;1;72;0;1;0;2;2;2;2;2;2;2;1;1;652;4784450
1;0;0;0;2;1;0;0;2;0;2;0;0;0;0;0;2;5345;11950
1;0;0;0;12;1;0;0;0;0;0;0;0;0;0;1;0;454;51890
1;0;1;0;41;1;0;2;1;1;1;1;1;1;2;1;2;1975;899450
0;0;0;0;26;0;1;0;0;0;2;2;2;0;0;1;1;4445;118380
1;0;1;0;36;1;0;2;1;1;1;1;1;1;1;0;0;2085;720050
1;0;1;1;72;1;2;1;2;2;2;2;2;2;2;1;1;11405;846820
1;0;1;0;35;1;2;1;0;0;0;2;0;2;0;1;0;8985;316120
1;0;0;0;1;1;0;0;0;0;2;2;0;0;0;0;3;5505;55050
0;0;1;1;16;1;2;1;2;0;2;2;2;2;0;1;2;11295;1882550
0;1;0;0;49;1;2;1;2;0;0;0;2;2;0;0;1;10155;507040
0;0;1;0;54;1;2;1;2;2;2;2;2;2;1;1;3;11465;604950
0;0;0;1;18;1;2;0;2;0;0;0;0;2;0;0;2;648;116670
0;0;1;0;36;1;0;1;0;0;0;0;0;2;0;0;2;804;2937650
0;0;0;0;60;1;2;1;0;2;2;0;2;2;0;1;2;1059;6396450
0;0;0;0;1;1;0;1;0;0;0;0;0;0;0;0;3;6955;69550
0;0;1;1;52;1;2;2;1;1;1;1;1;1;2;1;0;2505;1270250
1;0;1;1;8;1;0;1;0;0;2;0;2;2;0;1;2;9475;759550
1;0;1;1;72;1;0;1;2;2;0;2;2;2;2;0;0;1055;7611550
0;0;0;0;64;1;2;2;1;1;1;1;1;1;1;0;3;247;1642750
0;1;0;0;22;1;0;0;2;0;2;2;0;2;0;1;3;6975;154540
1;0;1;0;60;0;1;0;0;2;2;2;2;2;0;1;0;602;358240
0;0;1;1;28;1;0;1;0;0;0;0;0;2;0;1;2;8105;222710
0;0;1;0;61;1;2;2;1;1;1;1;1;1;2;0;3;244;141790
0;0;0;0;24;1;2;1;0;2;2;0;2;2;0;1;2;10415;2494650
1;0;1;1;28;1;0;1;0;2;2;2;2;0;1;0;0;929;2768350
0;0;1;1;30;1;0;0;0;2;2;2;2;2;2;0;0;808;236930
1;0;1;0;2;1;0;2;1;1;1;1;1;1;0;0;3;20;380
1;0;0;0;1;1;2;1;0;0;0;0;0;0;0;1;2;751;7510
1;0;0;1;6;1;0;2;1;1;1;1;1;1;0;0;3;1965;10090
0;0;1;0;24;1;0;0;0;2;0;0;2;2;0;1;0;6945;1614050
1;0;1;1;4;1;2;1;0;0;2;0;2;2;0;0;2;10115;38590
1;0;0;0;7;1;2;1;0;2;0;0;2;2;0;1;2;998;673250
1;1;1;0;72;1;2;1;2;2;2;2;2;2;2;1;0;11605;840490
1;0;0;0;70;0;1;0;0;0;0;2;0;2;2;1;3;4005;2799750
1;1;1;0;64;1;2;1;0;0;2;2;2;2;2;0;2;1021;6538450
1;0;1;1;72;1;2;1;0;2;0;0;2;0;1;1;2;897;6588950
0;0;0;1;44;1;0;2;1;1;1;1;1;1;2;0;3;199;86810
0;0;1;1;13;1;0;0;0;0;0;0;0;2;0;0;2;5595;734350
0;1;0;0;17;1;0;2;1;1;1;1;1;1;1;0;3;2065;33060
1;0;0;0;1;1;0;0;0;0;0;0;0;2;0;1;2;55;550
1;0;1;0;9;1;0;0;0;0;2;0;2;2;0;1;3;7005;56440
1;0;1;0;24;1;0;0;2;0;0;2;0;0;0;0;3;536;1315350
0;0;1;1;1;1;0;1;0;2;0;0;0;0;0;1;2;747;7470
1;0;0;0;24;1;2;1;0;2;0;0;0;0;0;1;2;8025;186150
1;1;1;1;35;1;0;0;0;2;0;2;2;2;0;1;2;7605;274720
0;0;1;1;7;1;0;0;2;2;2;2;2;0;0;1;2;757;554050
1;0;0;0;5;1;0;1;0;0;0;2;2;2;0;1;2;961;45340
0;0;0;1;15;1;0;1;0;0;0;0;0;0;0;0;0;69;99480
1;0;1;1;11;1;0;2;1;1;1;1;1;1;2;0;3;1965;225750
0;0;1;0;48;0;1;0;2;0;2;0;0;2;0;1;0;453;21450
0;1;0;0;20;1;0;1;0;0;0;0;0;2;0;1;2;8145;167160
0;0;1;0;72;1;2;1;0;2;2;2;2;2;1;1;0;1085;800380
0;0;1;1;8;1;0;1;0;2;0;0;2;0;0;1;2;8355;680050
1;0;1;1;72;1;2;1;0;0;0;0;0;2;2;1;1;845;6130850
0;0;0;0;15;1;2;1;0;2;0;0;2;2;0;1;2;10015;14150
1;0;0;0;72;1;2;0;0;2;2;2;2;2;2;1;0;886;6201950
0;0;1;1;0;0;1;0;2;0;2;2;2;0;2;1;0;5255;367690
1;0;0;1;1;1;2;1;0;0;0;0;0;0;0;1;2;7435;74350
1;0;1;1;63;1;2;1;0;2;2;0;2;2;2;1;0;1048;6597250
0;0;0;0;2;1;0;0;0;2;0;0;2;0;0;1;2;59;114150
0;0;1;0;2;1;0;1;2;0;0;0;0;0;0;1;2;744;13940
1;1;1;0;61;1;2;0;0;2;0;0;0;2;1;0;0;6405;390260
1;0;0;0;1;1;0;2;1;1;1;1;1;1;0;0;3;204;2040
1;0;0;0;22;0;1;0;0;2;2;0;0;2;1;1;0;4375;90360
1;0;1;0;28;1;0;0;2;2;0;2;0;0;0;0;3;609;1785650
0;0;1;0;70;1;0;2;1;1;1;1;1;1;2;0;0;198;1397650
0;1;0;0;5;0;1;0;0;2;0;0;0;0;0;0;2;2845;131050
0;0;0;0;12;1;2;1;2;2;2;0;0;2;0;1;0;997;1238450
1;0;0;0;34;1;2;1;2;2;2;2;2;2;1;0;1;11625;3899050
0;1;1;0;71;1;2;1;2;0;0;0;0;0;2;1;1;807;56760
0;0;1;1;70;1;2;0;2;0;0;0;0;2;1;0;0;652;4543150
0;0;1;1;52;1;0;1;2;0;2;2;0;0;0;1;0;8405;432680
1;0;0;1;69;1;2;0;2;2;2;2;2;0;2;1;1;7945;5502550
0;1;0;0;20;1;2;1;0;2;2;0;0;2;0;1;2;941;178240
1;0;0;1;11;1;2;1;0;0;2;0;0;0;0;1;3;78;85180
1;0;1;0;2;1;0;1;0;0;0;2;2;2;0;1;2;942;16750
0;0;1;1;6;1;2;1;0;0;0;2;0;0;0;1;2;805;502850
0;0;0;0;1;1;0;2;1;1;1;1;1;1;0;0;3;1985;19850
1;1;1;1;20;1;0;1;2;0;2;2;0;2;1;0;1;943;181830
1;0;0;0;61;1;2;1;2;0;2;0;2;2;0;1;2;10645;6300150
0;1;1;0;5;1;2;1;0;0;0;0;0;0;0;1;2;7435;33480
0;0;0;0;56;1;2;1;0;2;0;2;2;2;0;1;0;10545;5916950
1;0;0;0;30;1;2;1;2;2;2;2;0;0;0;1;1;95;285240
1;0;0;0;40;1;2;1;0;0;2;2;2;2;0;0;0;1048;4131950
0;0;0;0;28;1;0;0;2;0;0;2;0;0;1;0;3;543;154630
0;1;1;0;5;1;0;1;0;0;0;0;0;0;0;0;2;7005;30260
0;1;1;0;27;1;0;1;2;0;0;0;0;0;0;1;0;752;1929350
1;0;0;0;12;1;0;2;1;1;1;1;1;1;0;0;1;2005;265450
1;0;1;1;67;1;2;1;0;2;2;0;2;2;1;1;2;1054;6989450
1;1;1;0;29;1;2;0;0;0;0;0;0;0;0;1;2;516;14420
1;0;1;1;55;1;2;1;0;0;0;0;0;2;0;0;0;855;471340
0;0;0;0;23;1;2;1;0;0;0;0;0;0;0;0;0;756;175860
1;0;1;0;34;1;2;1;0;0;2;0;2;2;0;1;2;10005;34800
1;0;0;0;52;1;0;1;2;0;2;0;2;0;1;0;2;9125;473830
1;1;1;1;72;1;2;1;2;2;2;2;2;2;2;1;1;11575;8399150
1;0;1;1;58;1;2;1;0;2;0;2;2;0;1;1;1;947;5430350
1;0;1;1;35;1;0;2;1;1;1;1;1;1;2;0;3;196;686950
0;1;0;0;56;1;2;1;0;2;2;2;2;0;2;1;0;999;570630
0;0;1;1;24;1;0;2;1;1;1;1;1;1;2;1;1;211;490650
1;0;1;1;70;1;0;2;1;1;1;1;1;1;2;0;1;2005;1360250
1;0;0;0;2;1;0;1;0;0;0;0;2;0;0;1;2;7995;174450
1;1;1;1;68;1;2;1;0;0;2;2;2;2;1;1;1;10715;737980
0;0;0;0;1;1;2;1;0;0;0;0;0;2;0;1;2;85;850
1;0;0;0;12;1;2;1;0;0;2;0;2;0;0;1;2;8955;1021750
0;0;1;0;63;1;2;1;0;2;0;0;0;0;0;1;0;8155;5029050
0;0;1;1;33;1;0;0;2;2;2;0;0;0;1;1;3;5845;195540
0;0;1;0;69;1;0;1;0;2;0;0;2;2;1;1;1;9565;674420
0;0;1;1;60;1;0;0;0;2;2;2;2;2;2;1;0;806;494670
0;0;1;1;72;1;2;1;2;2;2;2;2;2;2;1;0;1131;824850
0;0;0;0;11;1;2;0;0;0;0;0;0;2;0;1;3;5895;60160
0;0;0;0;1;1;0;2;1;1;1;1;1;1;0;0;3;1955;19550
1;0;0;0;10;1;2;1;0;0;0;0;2;0;0;1;0;8605;83410
1;0;0;0;13;0;1;0;2;0;0;2;2;0;0;1;1;4555;5970
1;0;1;1;34;1;0;1;0;0;0;0;0;2;1;1;0;7895;264720
1;0;1;1;39;1;0;1;0;2;0;0;2;0;0;1;3;863;32660
0;0;0;0;65;1;2;1;0;2;0;2;2;2;1;1;0;10505;6744250
1;1;1;0;50;1;2;1;2;2;2;0;2;0;1;1;0;1019;526550
1;0;0;0;15;1;0;2;1;1;1;1;1;1;0;0;3;1975;31160
1;0;1;1;72;1;2;1;2;2;2;0;2;2;2;1;0;1103;796690
0;0;1;1;72;1;2;1;2;2;2;2;2;2;2;1;0;1156;822040
1;0;1;1;55;1;0;2;1;1;1;1;1;1;2;0;0;1935;1153250
0;0;1;1;23;1;2;2;1;1;1;1;1;1;2;1;1;256;514750
1;0;0;0;32;1;2;1;0;2;0;0;0;0;0;1;0;8035;2596150
0;0;1;1;56;1;2;0;2;0;2;0;0;2;1;1;0;6875;38080
0;0;0;0;1;1;0;2;1;1;1;1;1;1;0;0;0;199;1990
1;0;0;0;38;1;0;0;2;2;0;2;2;0;1;0;3;706;270820
1;0;0;0;11;1;0;1;0;0;0;0;0;0;0;0;2;702;760050
1;0;0;0;1;1;0;0;0;0;0;2;0;0;0;1;2;493;4930
1;0;1;0;56;1;2;1;0;2;0;2;2;2;1;1;2;10725;603330
1;0;1;0;3;1;2;2;1;1;1;1;1;1;0;1;3;236;89050
1;0;1;1;7;1;0;0;2;0;0;0;2;2;0;0;1;697;516150
1;0;1;1;59;1;2;1;0;0;2;0;2;2;2;1;1;995;5861750
1;0;0;0;7;1;0;0;0;0;2;2;2;0;0;0;0;643;445950
1;0;1;1;71;1;0;0;2;0;2;2;0;2;2;1;1;7085;497340
1;0;1;1;15;1;0;1;2;0;0;2;2;2;1;0;2;1019;1667250
1;0;1;0;71;1;2;0;2;2;0;2;2;0;2;0;1;735;5357750
0;0;0;0;35;1;2;1;0;0;2;0;2;2;0;1;2;10025;352760
0;0;0;0;11;0;1;0;0;2;2;2;0;0;1;1;1;404;42260
0;0;1;1;60;1;0;2;1;1;1;1;1;1;2;1;1;1925;1103250
1;1;0;0;47;1;2;0;0;2;0;2;0;0;2;0;0;596;27540
0;0;0;0;11;1;0;0;0;0;2;2;0;2;1;0;1;649;697250
1;0;1;0;56;1;2;1;0;2;0;0;2;2;1;0;1;1003;5614450
0;1;1;0;28;1;2;1;0;2;2;2;2;2;0;1;2;11085;320440
1;0;1;0;61;1;0;0;2;2;0;2;2;2;2;1;3;8105;4747650
1;0;1;1;31;1;2;1;2;0;2;0;2;0;1;0;0;9805;308210
1;0;0;0;9;1;0;1;0;0;0;0;0;0;0;1;2;705;59790
1;1;1;0;35;1;2;1;2;2;0;0;0;2;0;1;2;9455;336540
1;0;0;0;2;1;0;2;1;1;1;1;1;1;0;1;3;1965;3880
0;0;1;1;12;1;0;2;1;1;1;1;1;1;0;0;3;19;233550
0;0;0;0;1;1;0;1;2;0;0;0;0;0;0;0;3;753;7530
0;1;0;0;4;1;2;1;0;0;2;0;2;0;0;1;2;892;34620
0;0;1;1;1;1;0;2;1;1;1;1;1;1;0;1;3;19;190
0;0;0;0;3;1;0;2;1;1;1;1;1;1;0;1;3;20;6170
0;1;0;0;1;1;2;1;0;0;0;0;2;0;0;1;2;857;8570
1;0;0;0;52;1;0;0;2;2;0;0;2;0;2;1;1;6325;3342450
1;0;1;1;5;1;0;2;1;1;1;1;1;1;1;0;3;201;8510
1;0;1;0;72;1;2;1;2;2;2;0;0;2;2;1;2;9915;742210
1;0;1;1;71;1;2;0;2;2;2;2;2;2;2;0;2;904;6668050
1;0;1;0;72;1;2;1;2;0;2;2;2;2;2;1;1;1119;8071050
1;0;1;1;46;1;2;2;1;1;1;1;1;1;1;0;2;249;117480
1;0;1;1;63;1;2;0;2;2;2;0;2;2;2;0;1;835;54350
1;0;0;0;30;1;0;1;2;2;2;0;0;0;0;1;1;843;243860
1;0;0;0;1;1;0;0;0;0;0;0;0;0;0;0;3;456;4560
0;0;0;0;12;1;2;0;2;0;2;2;0;0;0;1;3;6165;713750
1;0;0;0;16;0;1;0;2;2;2;2;2;0;2;0;3;5485;916150
1;0;0;0;4;1;2;0;0;0;0;2;0;2;0;0;3;6555;23720
1;0;1;0;51;1;2;1;0;2;0;0;0;2;1;1;1;9035;4614550
1;0;1;0;65;1;0;2;1;1;1;1;1;1;2;1;1;204;1414450
1;0;0;0;16;1;0;1;0;0;0;2;0;0;0;1;1;7455;117050
1;0;0;0;2;1;0;2;1;1;1;1;1;1;1;0;3;1995;4770
0;0;1;1;66;1;2;1;0;0;0;0;0;0;1;1;0;7425;4859250
1;0;0;0;46;1;2;1;0;2;2;2;2;2;2;0;2;10865;490320
0;0;0;0;32;1;2;1;2;0;2;2;2;2;1;1;0;10955;36080
1;0;1;0;72;1;2;0;2;0;2;2;2;2;2;0;1;8665;6094250
1;0;1;1;38;1;0;0;2;0;2;2;2;2;2;0;1;81;308490
1;0;0;1;51;1;0;0;0;0;0;2;0;0;1;0;1;4785;2356750
1;0;1;1;72;1;2;1;2;2;2;2;2;2;2;0;0;11455;8306050
0;1;1;0;65;1;2;1;2;0;2;0;2;2;0;0;0;10525;678640
1;0;1;1;9;0;1;0;0;2;0;0;0;0;0;1;2;2995;248950
0;0;1;1;9;1;0;0;2;2;2;2;0;0;0;0;3;65;663050
1;0;0;1;66;1;0;2;1;1;1;1;1;1;2;0;3;2055;135710
0;1;0;0;44;1;2;1;2;2;2;0;2;2;1;1;1;1098;4860350
1;0;0;0;50;1;2;0;0;0;2;2;0;2;2;0;0;695;341820
0;0;0;0;15;1;2;0;0;0;0;0;0;0;0;0;3;4885;63140
1;0;0;0;8;0;1;0;0;0;0;0;0;0;0;1;1;2525;18630
0;1;0;0;66;1;2;1;0;0;2;2;2;2;1;1;1;10285;6976750
0;0;0;0;57;1;2;1;2;2;0;2;0;0;0;1;0;8755;4884850
0;0;0;0;7;1;2;1;0;2;0;0;0;0;0;1;0;7855;522950
1;1;1;1;10;0;1;0;0;0;0;0;0;2;0;1;0;3455;36260
0;0;0;0;62;1;2;1;2;2;2;0;0;0;1;1;2;9205;575580
1;0;1;1;40;1;0;1;0;0;2;0;2;0;1;1;2;8505;3355650
0;0;0;0;20;1;0;2;1;1;1;1;1;1;2;0;3;197;406950
0;0;0;0;7;1;0;2;1;1;1;1;1;1;0;0;0;20;13760
0;0;1;0;25;1;0;1;0;0;0;2;2;2;0;1;2;9515;239570
1;0;1;0;23;1;2;1;0;2;2;0;0;0;0;0;2;8425;196810
0;1;1;0;66;1;2;1;0;2;2;0;2;2;1;0;1;1046;6819450
0;1;0;0;72;1;2;1;0;2;2;2;2;2;2;0;2;11165;7943450
1;1;1;0;49;1;2;1;0;2;0;0;0;2;0;0;1;9005;4547250
1;1;1;1;43;1;2;1;0;2;2;2;2;2;0;1;0;11075;468790
0;0;1;0;46;1;2;0;2;0;0;0;0;0;0;0;0;55;2473950
1;0;1;1;72;1;2;0;2;2;2;2;2;2;2;0;1;8985;656290
1;0;0;0;10;1;0;2;1;1;1;1;1;1;1;0;3;2035;17630
0;0;0;0;40;0;1;0;2;0;0;2;2;2;1;1;0;5455;223620
0;0;1;1;65;1;2;1;0;2;2;0;2;2;0;1;2;1055;6985650
1;0;0;0;31;1;0;1;0;0;2;2;2;2;2;0;0;9945;310990
0;0;1;0;68;1;2;0;2;2;2;2;0;0;2;0;1;709;4911350
1;1;1;1;56;1;2;1;2;0;2;0;2;2;1;1;0;10455;5794650
1;0;1;0;10;1;2;1;0;0;0;0;0;2;0;1;2;8525;85530
1;0;1;1;68;1;2;2;1;1;1;1;1;1;2;0;0;254;162020
0;0;1;1;43;1;0;0;0;0;0;0;2;0;0;0;2;5615;249930
1;0;0;0;1;1;0;1;0;0;0;0;2;2;0;1;2;8955;89550
0;1;0;0;49;1;0;1;0;2;2;0;0;2;1;1;0;8985;428720
0;0;1;1;15;1;2;2;1;1;1;1;1;1;0;1;2;2525;394850
1;1;1;0;20;1;2;1;0;0;0;0;2;2;0;1;2;9455;1899650
1;0;0;0;1;1;0;0;0;0;0;0;0;0;0;1;3;457;4570
1;0;1;1;50;1;2;0;0;0;2;2;2;0;1;1;2;6965;3442150
0;1;0;0;2;1;2;1;0;2;0;0;0;2;0;0;2;895;16150
1;1;0;0;24;1;0;1;0;0;0;0;0;0;0;0;1;70;173260
0;0;0;0;3;1;0;1;0;0;0;0;0;0;0;1;0;6955;22230
0;0;0;0;1;1;0;1;0;0;2;0;0;0;0;1;3;746;7460
1;0;1;1;35;1;0;2;1;1;1;1;1;1;2;0;3;201;65530
0;0;0;0;17;1;2;2;1;1;1;1;1;1;0;0;3;248;475250
0;1;0;0;8;1;0;2;1;1;1;1;1;1;0;0;2;1965;16430
1;0;0;0;10;1;0;1;0;0;0;2;2;2;0;1;1;951;86510
1;0;1;1;68;1;2;0;2;2;2;2;2;2;2;1;1;8885;613270
1;0;1;0;45;1;0;0;2;2;2;0;2;2;1;0;0;788;359750
1;0;1;1;2;1;0;2;1;1;1;1;1;1;1;0;3;1985;3590
1;0;1;0;37;1;0;2;1;1;1;1;1;1;0;0;0;2035;697650
0;0;0;0;4;0;1;0;0;0;0;0;0;0;0;1;3;2425;96050
0;0;0;0;10;1;0;0;0;0;0;0;0;0;0;0;3;4525;42870
1;0;0;0;1;1;0;2;1;1;1;1;1;1;0;0;3;2005;20050
1;0;1;1;65;1;2;0;2;2;0;0;0;2;2;1;3;6955;4459150
0;0;1;1;57;1;0;2;1;1;1;1;1;1;2;0;0;195;116760
0;0;0;0;3;1;0;1;0;0;2;0;0;0;0;1;3;7475;23810
0;0;0;0;2;1;0;1;0;0;0;0;0;0;0;0;2;6965;145150
1;0;0;0;49;0;1;0;0;0;2;0;0;0;0;1;0;302;145310
0;0;0;0;4;1;0;0;0;0;0;0;0;0;0;0;3;4565;191050
0;0;1;0;70;0;1;0;0;2;2;2;2;2;2;0;0;578;403930
0;0;1;1;53;1;0;2;1;1;1;1;1;1;1;1;0;1985;1039450
1;0;1;1;53;1;2;2;1;1;1;1;1;1;2;0;1;2555;133610
0;0;0;0;1;1;2;1;0;0;0;0;0;0;0;1;3;7505;75050
1;0;0;0;22;1;2;2;1;1;1;1;1;1;0;1;1;2485;49340
1;1;0;0;52;0;1;0;0;2;0;0;2;2;0;1;2;4915;255090
1;1;0;0;65;1;2;1;2;0;2;2;2;2;2;1;2;11035;7246150
0;0;0;0;48;1;2;2;1;1;1;1;1;1;1;0;0;2455;1203950
0;0;0;0;2;0;1;0;0;0;0;0;0;2;0;1;2;347;62250
1;0;0;0;3;1;2;1;0;2;2;0;2;2;0;0;3;10795;31360
1;0;1;0;45;1;2;1;0;2;0;0;0;0;0;0;0;814;3775850
1;0;1;1;1;1;0;1;0;0;0;0;0;2;0;0;2;80;800
0;0;1;1;61;1;0;0;0;0;2;2;2;2;2;1;0;738;4616050
1;0;0;0;3;1;0;0;2;0;0;2;2;0;0;1;1;644;195650
0;1;0;0;40;1;2;1;0;0;2;2;2;2;1;1;1;10375;418840
0;0;0;0;1;1;0;1;0;0;0;0;0;0;0;0;3;711;7110
0;0;0;0;1;1;0;0;0;0;0;2;0;0;0;1;2;499;4990
1;0;0;0;51;1;2;2;1;1;1;1;1;1;1;1;0;246;126640
1;1;0;0;2;1;0;0;2;0;0;0;0;0;0;1;2;4925;9110
1;0;0;0;52;0;1;0;0;2;0;0;0;0;1;0;3;301;162340
1;0;0;0;51;1;2;1;0;0;0;0;0;2;0;0;0;834;4149450
1;0;0;0;1;1;0;2;1;1;1;1;1;1;0;1;3;2045;20450
1;0;1;1;31;1;2;0;2;2;0;2;0;2;1;1;0;7525;234450
1;0;0;1;47;1;0;2;1;1;1;1;1;1;1;0;1;2055;1013050
0;0;0;0;3;1;2;1;0;0;0;0;0;0;0;1;1;751;27070
0;1;0;0;22;1;0;2;1;1;1;1;1;1;1;1;3;2005;4170
0;0;1;0;1;1;0;2;1;1;1;1;1;1;0;1;3;2065;20650
1;0;1;0;72;1;2;0;0;2;2;2;2;2;2;1;0;8515;631620
1;0;1;1;3;1;0;0;0;0;2;0;0;0;0;1;2;5015;168150
1;1;1;1;47;1;0;1;0;2;0;0;2;0;1;1;0;8495;4018050
1;0;1;1;72;1;2;0;2;0;2;2;0;0;2;1;1;665;481160
1;0;1;1;66;1;2;0;0;0;2;0;2;0;2;1;0;633;418970
1;0;0;0;35;1;2;1;0;0;0;0;2;0;0;0;2;8315;2848450
1;0;0;0;29;1;2;1;0;0;0;0;0;2;0;1;2;849;251620
0;0;0;0;2;1;0;2;1;1;1;1;1;1;0;1;3;2055;3360
1;0;0;0;4;1;0;0;0;2;0;0;0;0;0;0;3;4925;208450
0;0;0;0;25;1;0;1;2;2;0;0;0;0;0;1;0;7985;2015350
0;0;0;0;65;1;0;0;2;2;0;2;0;0;2;1;3;596;373980
1;1;0;0;27;1;2;1;0;2;0;2;2;2;1;1;0;10465;29640
1;0;1;0;29;1;0;1;0;0;2;0;0;0;0;1;1;753;226340
1;0;1;1;29;1;2;0;0;2;2;0;2;2;0;0;1;801;221180
1;0;0;0;1;1;0;2;1;1;1;1;1;1;0;0;3;1955;19550
0;0;1;0;20;1;0;1;0;0;2;2;0;0;0;1;3;81;168370
0;0;0;0;58;1;2;2;1;1;1;1;1;1;2;1;1;247;15190
0;0;0;1;14;1;2;1;2;0;0;2;0;0;0;1;3;86;1164050
1;0;1;0;72;1;2;2;1;1;1;1;1;1;2;0;3;254;171090
1;0;0;0;46;1;2;1;2;0;0;0;2;0;0;1;1;8915;4245550
0;0;1;0;71;0;1;0;0;2;2;2;2;2;2;0;0;5825;414590
1;0;0;0;32;1;2;1;0;0;0;0;0;2;0;1;0;8565;266430
0;0;0;0;26;0;1;0;0;0;2;0;2;2;0;1;1;5035;127750
1;1;1;0;68;1;2;1;0;0;2;0;0;0;0;1;1;8035;558930
1;0;1;1;2;1;0;2;1;1;1;1;1;1;1;0;3;202;34750
1;0;1;1;61;1;0;2;1;1;1;1;1;1;2;0;1;2055;1305950
0;0;1;1;4;1;2;1;0;0;0;0;0;2;0;1;2;8595;38130
1;0;0;0;3;1;0;0;0;0;0;0;0;0;0;1;2;4535;14150
1;1;1;0;33;1;2;1;0;0;0;0;2;2;0;1;2;945;3105550
1;1;1;0;9;1;0;2;1;1;1;1;1;1;0;1;3;2125;204550
0;0;0;0;22;1;2;2;1;1;1;1;1;1;2;0;3;2625;60590
0;0;1;1;5;1;0;1;0;0;0;0;2;0;0;1;2;8085;35610
0;1;0;0;30;1;2;1;2;2;2;0;0;0;0;0;1;917;2758150
1;0;0;0;65;1;2;0;0;2;2;2;0;2;2;1;1;742;4805650
0;0;0;0;45;1;2;1;0;0;2;2;0;0;0;1;2;8725;394170
1;0;0;0;5;1;0;2;1;1;1;1;1;1;0;0;3;2035;92750
1;0;1;1;25;1;0;1;0;2;0;0;0;0;0;1;2;755;1901050
0;0;1;1;72;1;2;1;2;0;0;0;0;0;2;0;0;7905;573070
0;0;1;0;27;1;2;1;0;0;2;0;0;2;0;0;0;9015;242340
1;0;1;1;32;0;1;0;0;0;2;0;2;2;0;0;1;506;1653450
0;0;0;0;30;1;2;1;0;2;2;2;2;2;1;0;1;11045;3327050
1;0;1;0;70;1;0;1;2;2;2;2;0;2;2;0;1;101;708550
1;1;0;0;42;1;2;1;0;2;0;0;0;0;0;1;0;7935;334410
0;1;1;0;72;1;2;0;2;2;2;2;2;2;2;1;0;8985;6697350
0;0;0;0;47;1;2;0;2;0;2;2;0;0;2;1;3;65;287990
0;0;0;0;2;1;0;1;2;0;2;0;0;0;0;1;2;8045;13710
1;0;0;0;10;1;2;1;2;0;0;0;2;2;0;0;2;9855;1008550
0;0;1;1;61;1;2;2;1;1;1;1;1;1;2;1;3;241;155160
0;0;0;0;5;1;0;0;0;0;0;0;0;0;0;1;1;4405;202150
0;1;1;0;72;1;2;1;0;2;2;2;2;2;2;1;1;1108;7882250
1;1;1;1;72;1;2;1;2;2;2;2;2;2;2;1;0;11495;819640
0;1;0;0;3;1;0;1;0;0;2;0;0;0;0;0;3;7505;20290
1;0;1;0;48;1;0;2;1;1;1;1;1;1;2;0;3;1925;85510
0;0;0;0;63;1;0;1;0;0;2;2;2;0;1;1;1;9005;58170
0;0;0;0;27;1;0;0;2;2;0;0;0;0;0;1;3;567;1652950
1;0;1;1;70;1;0;0;2;2;2;0;2;2;2;1;1;8015;5600150
1;0;1;1;7;1;0;0;2;0;2;2;0;2;0;1;1;7135;515750
1;0;0;1;0;1;0;2;1;1;1;1;1;1;2;0;3;2025;367690
0;0;1;0;2;1;0;1;2;2;0;0;2;0;0;0;2;9035;19050
1;1;0;0;20;1;2;1;0;0;2;0;2;2;0;1;2;9855;184280
1;0;0;0;66;1;0;2;1;1;1;1;1;1;2;0;0;197;125380
0;0;0;0;3;1;0;2;1;1;1;1;1;1;0;0;3;1985;5720
0;0;0;1;15;1;0;1;0;2;0;0;0;2;0;1;0;859;1269550
0;0;1;1;72;1;2;1;2;2;0;2;0;0;2;1;0;9035;656340
1;0;0;0;1;1;0;2;1;1;1;1;1;1;0;0;3;208;2080
0;0;0;0;22;1;0;1;0;0;0;0;2;2;0;0;2;8925;1907850
1;0;1;0;3;1;0;1;0;0;0;0;0;0;0;1;2;703;208850
0;0;1;1;72;1;2;0;2;0;2;2;0;0;2;0;0;6685;475880
1;0;1;1;65;1;0;2;1;1;1;1;1;1;2;0;3;199;129260
0;0;0;0;11;0;1;0;0;0;0;0;2;0;0;1;3;358;363150
1;0;0;0;22;1;2;1;0;2;0;0;0;0;0;1;3;7885;1600250
1;0;0;0;14;1;0;2;1;1;1;1;1;1;1;0;0;204;27570
1;0;0;0;41;1;0;1;0;0;0;2;0;0;0;1;2;7425;308910
1;0;1;0;17;1;0;0;2;2;0;0;0;2;1;0;3;648;117560
1;0;0;0;11;1;0;2;1;1;1;1;1;1;0;1;1;2045;23730
1;0;0;0;15;1;2;1;0;0;0;0;2;2;0;1;2;9335;1444650
0;0;0;0;1;1;0;2;1;1;1;1;1;1;0;0;3;199;1990
0;0;1;0;5;1;0;1;2;0;2;0;0;2;0;1;3;889;454150
1;0;1;0;33;1;0;1;0;0;2;0;2;2;1;1;2;958;3036750
0;0;1;0;72;1;2;1;2;2;2;0;2;2;2;1;1;11065;8065650
0;0;1;1;3;0;1;0;0;2;0;0;0;2;0;0;3;403;9250
1;0;0;0;2;1;2;1;0;2;0;0;0;0;0;1;2;82;184650
0;0;1;0;59;1;2;1;2;2;2;2;0;2;1;1;1;107;615230
1;0;0;0;2;1;0;0;0;0;0;0;0;0;0;0;2;4535;8950
1;0;1;1;71;1;0;0;0;2;0;2;2;2;2;1;1;7335;515450
0;0;1;1;5;1;0;0;0;0;0;0;0;0;0;0;3;448;220450
1;0;1;1;27;1;0;0;2;2;0;0;0;0;0;1;1;5475;151030
0;0;0;0;1;1;0;0;0;0;0;2;0;0;0;1;2;522;5220
1;0;0;1;63;0;1;0;2;2;0;2;0;0;1;1;0;406;2588950
0;1;0;0;46;1;2;1;2;2;2;0;2;2;1;1;2;110;487480
1;0;1;1;72;1;2;0;2;0;0;0;0;0;2;0;0;553;398360
0;0;1;0;34;1;2;0;2;0;0;2;0;0;0;1;0;6085;200360
0;0;1;1;24;1;2;0;2;2;0;0;2;2;1;0;2;784;183240
1;0;0;0;72;1;2;0;2;2;2;2;0;0;2;0;0;6965;4908250
0;0;1;1;60;0;1;0;2;0;2;2;2;2;2;0;1;5985;359020
1;0;0;0;68;1;2;0;2;2;2;0;0;2;1;1;1;769;50230
0;0;1;1;8;1;0;2;1;1;1;1;1;1;2;1;3;1985;14660
0;0;0;1;34;1;0;0;2;0;2;2;2;0;2;0;1;6765;233930
0;0;0;0;6;0;1;0;0;0;0;0;2;2;0;0;1;45;29870
1;0;1;0;2;1;0;0;0;2;0;2;0;2;0;1;3;642;143650
1;0;0;0;31;1;2;1;0;0;0;2;0;0;1;0;1;817;2548650
0;0;1;1;20;1;2;2;1;1;1;1;1;1;0;1;0;2555;50740
0;0;1;1;1;1;0;2;1;1;1;1;1;1;0;0;2;20;200
1;0;0;0;62;1;2;1;0;0;2;0;2;2;1;1;2;9675;612540
0;1;1;0;70;1;2;1;0;0;0;0;0;0;2;1;1;7565;541140
0;0;0;0;10;1;2;1;0;0;0;2;2;2;0;1;2;985;1058250
1;0;1;1;39;1;2;2;1;1;1;1;1;1;2;1;3;238;90380
0;0;1;0;46;1;0;0;0;2;0;2;2;0;2;1;1;642;300950
1;0;0;0;6;1;0;1;0;2;0;0;2;0;0;1;2;8535;489450
0;0;1;1;72;1;2;0;0;0;2;0;2;2;2;1;0;768;5468450
1;0;0;0;18;1;0;0;0;0;2;2;0;0;0;0;1;552;105810
1;0;1;0;71;1;2;1;2;0;2;2;2;2;2;1;1;10855;76160
1;0;1;0;40;1;2;1;0;2;0;0;2;2;0;1;2;1013;411310
1;0;0;0;1;1;0;1;0;0;0;0;0;0;0;1;2;6955;69550
1;0;0;0;58;1;2;1;0;2;2;0;2;2;1;1;0;10325;6017650
1;0;0;0;70;1;2;1;2;0;0;2;2;2;2;1;1;104;7250150
0;0;1;0;42;1;2;2;1;1;1;1;1;1;2;0;2;2525;110820
1;0;1;1;34;0;1;0;2;0;0;0;0;0;1;0;0;304;938650
1;1;0;0;5;1;0;2;1;1;1;1;1;1;0;0;0;2005;94150
0;0;0;0;25;1;2;1;0;0;0;0;2;0;0;1;3;846;2088050
0;0;0;0;2;1;0;1;0;0;2;0;0;2;0;1;3;862;17870
0;0;1;1;55;1;0;1;0;2;2;2;2;2;1;1;0;1037;5656750
1;0;1;0;21;1;2;1;0;2;2;2;2;2;0;1;2;1112;231710
1;0;1;0;70;1;2;1;2;2;0;2;0;0;2;1;1;88;5986450
0;0;1;0;61;1;2;1;0;0;2;2;2;2;0;1;2;10635;6751350
1;0;1;1;43;1;0;0;2;0;2;2;2;2;2;1;1;7915;356660
1;0;0;0;47;1;2;1;0;2;2;0;2;2;1;1;2;1031;488930
1;0;0;0;5;1;0;0;0;0;2;2;2;0;0;1;1;6395;31810
0;0;0;0;62;1;2;2;1;1;1;1;1;1;2;1;1;258;1563950
0;0;1;1;16;1;0;1;0;2;2;0;2;0;0;1;1;8945;1430250
1;1;1;0;7;1;2;1;0;0;0;0;2;2;0;1;0;956;644350
0;0;1;1;14;1;2;2;1;1;1;1;1;1;0;0;3;2555;372450
1;0;1;1;60;1;0;1;0;2;2;0;2;0;1;0;2;9095;545340
1;0;1;1;34;0;1;0;0;0;2;2;2;0;0;1;2;4485;144260
0;0;1;0;50;1;2;1;2;2;0;2;2;2;1;0;2;10855;561070
1;0;1;1;38;1;2;2;1;1;1;1;1;1;2;0;1;2505;963950
0;0;1;1;70;1;0;0;2;2;2;2;0;2;1;0;1;741;522230
0;0;1;1;37;1;2;1;0;2;0;0;2;0;0;1;2;888;3340550
0;1;0;0;4;1;0;1;0;0;0;0;2;0;0;1;2;7885;29280
1;1;1;1;60;1;2;1;2;2;0;0;0;2;0;1;2;9325;5774550
1;0;1;1;62;1;0;0;2;0;2;2;0;2;1;0;1;714;448730
1;0;0;0;1;1;0;0;0;0;0;0;0;0;0;0;3;444;4440
1;0;0;0;36;1;0;0;2;0;2;2;2;2;0;1;1;792;2854950
1;0;0;0;44;1;0;2;1;1;1;1;1;1;2;0;1;204;905550
0;1;0;0;55;1;2;1;0;0;2;0;2;2;1;1;2;100;550930
0;0;1;0;72;1;2;1;2;0;2;0;2;2;2;1;1;105;758980
0;0;1;1;12;1;0;2;1;1;1;1;1;1;1;0;0;198;22960
0;0;0;0;13;0;1;0;2;0;0;0;0;0;0;1;0;3085;39410
1;0;0;0;1;1;0;1;0;0;0;0;2;2;0;1;2;899;8990
0;0;1;1;15;1;0;2;1;1;1;1;1;1;1;0;3;2055;295950
0;0;0;0;65;1;0;0;2;2;2;2;2;2;2;1;0;8485;545920
0;0;1;1;12;0;1;0;2;0;0;2;0;0;1;0;1;3315;444750
1;0;1;0;72;1;2;0;2;2;2;2;2;2;2;1;1;92;6782150
0;0;1;1;72;1;2;0;2;2;2;2;2;2;2;0;1;898;6510450
0;0;1;1;72;1;2;1;2;2;2;2;2;2;2;1;0;1158;847650
1;0;0;1;52;1;2;0;2;2;0;2;2;2;2;1;3;8515;4461850
1;0;0;0;2;1;2;2;1;1;1;1;1;1;0;0;3;2485;620
0;0;0;0;5;1;0;0;2;0;0;2;2;0;0;1;2;6435;352650
0;0;0;0;68;1;0;2;1;1;1;1;1;1;2;0;1;205;142490
0;0;0;1;62;1;2;1;0;0;2;0;2;2;1;1;2;10015;6413650
1;0;0;0;72;1;2;0;2;2;0;2;2;2;2;0;1;8605;6309650
1;0;0;0;1;1;0;0;0;2;0;0;0;0;0;0;2;508;5080
0;0;1;0;66;1;2;1;2;2;0;2;0;0;1;0;2;89;589860
1;0;1;1;72;0;1;0;2;2;2;2;2;2;2;1;1;648;4719750
1;0;0;0;26;1;0;2;1;1;1;1;1;1;1;0;1;198;45730
1;0;1;1;64;1;2;1;2;0;2;0;0;2;2;0;0;934;582230
1;1;1;0;20;1;0;1;0;2;0;0;0;0;0;1;2;7365;146350
0;0;0;0;3;1;0;1;0;2;0;0;2;2;0;1;2;951;30740
1;0;0;0;22;1;2;1;0;0;0;0;2;2;0;1;1;9465;2104550
1;0;1;0;4;1;0;1;0;0;2;2;0;0;0;1;3;806;319150
1;0;1;0;62;0;1;0;0;0;0;2;2;0;2;1;0;39;2337450
0;0;0;0;5;1;0;2;1;1;1;1;1;1;0;1;3;205;10430
1;0;1;0;59;1;2;1;0;0;0;0;0;2;1;0;2;8555;5084650
1;0;0;1;3;1;2;2;1;1;1;1;1;1;2;1;3;264;121250
0;0;1;0;72;1;2;1;2;0;2;2;2;0;2;1;0;982;701590
1;0;1;1;57;1;0;1;0;2;2;0;2;2;1;1;1;9755;55980
1;0;0;1;66;1;0;2;1;1;1;1;1;1;2;0;1;1995;126910
0;0;0;0;60;0;1;0;0;2;0;0;2;2;0;1;2;508;302740
1;0;0;1;45;1;2;1;0;0;2;0;2;2;2;0;0;997;4634350
0;0;0;0;3;0;1;0;0;0;0;0;2;0;0;1;1;348;113950
0;0;0;0;15;1;0;1;2;0;2;2;2;2;0;0;2;1051;1582750
0;0;0;1;51;0;1;0;2;0;2;2;2;2;1;0;0;6015;30770
0;0;0;0;60;1;2;0;2;0;2;2;0;0;1;0;2;6475;403950
1;0;0;0;33;1;2;0;0;2;0;0;0;0;0;1;0;5465;166520
1;0;0;0;10;1;0;1;2;2;2;2;2;2;0;1;2;1101;104330
1;1;0;0;26;1;0;2;1;1;1;1;1;1;1;0;1;193;50420
0;0;0;0;6;1;0;1;0;0;2;0;0;2;0;0;2;839;497550
0;0;1;0;67;1;2;1;2;0;2;2;2;2;1;1;2;11125;7511650
0;0;1;1;49;0;1;0;2;0;0;2;0;0;1;1;1;358;17820
1;0;0;0;1;1;0;2;1;1;1;1;1;1;0;1;3;2005;20050
0;1;0;0;7;1;0;1;0;0;2;0;2;0;0;1;2;8435;609650
0;1;0;0;27;1;2;1;2;2;2;0;2;2;1;1;0;1105;285760
1;0;1;1;37;1;0;1;0;0;0;0;2;2;1;0;1;912;3247550
0;0;1;1;63;1;2;1;2;2;2;0;2;0;0;1;2;10055;6215350
1;0;1;1;31;1;2;1;2;0;2;2;0;0;0;0;2;893;28230
1;0;1;1;50;1;2;1;0;2;2;0;2;2;0;1;0;10385;501790
1;1;0;0;32;1;2;1;0;0;2;0;0;0;0;1;1;811;2619250
0;0;0;0;1;0;1;0;0;0;0;0;0;0;0;0;2;246;2460
0;0;1;0;63;1;2;1;0;0;0;2;0;0;1;1;1;812;496510
1;0;0;0;30;1;2;1;2;2;0;0;0;2;0;1;1;943;267970
1;0;1;0;71;1;2;1;2;2;2;2;2;2;2;1;0;1161;8310550
0;0;0;0;53;1;2;1;0;2;2;0;2;2;2;0;2;10555;5682250
0;0;0;0;12;1;0;1;2;0;0;2;2;2;0;1;0;989;1120950
1;0;1;0;50;1;2;1;2;2;0;0;0;2;0;1;1;944;491490
0;0;0;0;2;1;0;2;1;1;1;1;1;1;0;0;3;195;27550
0;0;0;0;9;1;2;1;0;0;2;0;2;2;0;0;1;983;92350
1;0;0;0;17;1;0;1;2;0;0;0;2;2;0;0;2;9385;1625650
0;0;1;0;56;1;0;1;2;2;2;0;2;2;1;1;1;1056;6068650
1;0;1;1;67;1;0;0;2;2;2;0;2;2;2;0;1;8135;539860
1;1;0;0;9;1;2;1;0;0;2;0;2;2;0;1;2;1005;91860
1;0;0;0;4;1;0;0;0;0;0;0;2;0;0;1;2;564;234850
1;0;0;0;19;1;0;0;0;2;0;2;0;2;1;1;0;6535;1231850
0;0;0;1;8;1;0;2;1;1;1;1;1;1;0;0;3;1995;17090
0;0;0;0;71;1;2;1;0;2;2;2;2;2;2;1;2;11125;7984150
1;1;0;0;10;1;0;1;0;2;0;0;0;0;0;1;2;7285;688650
0;1;0;0;15;1;2;1;0;2;0;0;2;0;0;0;1;89;128830
1;0;1;1;72;1;2;1;2;0;2;0;2;2;1;1;0;1061;784850
1;0;0;0;12;1;0;2;1;1;1;1;1;1;1;0;1;2005;2670
1;0;1;1;72;1;2;2;1;1;1;1;1;1;2;1;0;252;179890
1;1;1;0;1;1;2;1;0;0;0;0;0;0;0;1;2;7355;73550
0;1;0;0;23;1;0;1;2;0;0;0;0;0;0;1;0;754;1643550
1;0;0;0;72;0;1;0;2;2;2;2;2;2;2;1;0;6555;4807450
0;0;0;0;26;1;2;1;0;0;2;0;0;0;0;1;2;807;21930
0;0;0;0;21;1;0;1;0;2;2;2;2;2;1;1;3;10455;223940
1;0;1;0;60;1;2;2;1;1;1;1;1;1;1;0;0;2415;150590
1;0;0;0;12;1;0;2;1;1;1;1;1;1;0;0;3;2045;255350
1;0;1;0;16;1;2;1;0;0;0;0;0;0;0;1;2;754;118940
0;0;1;0;63;1;2;0;2;2;0;0;2;2;1;1;1;797;4786150
0;1;0;0;22;1;0;1;2;2;0;0;0;0;0;0;2;817;182090
0;0;1;1;32;1;0;0;2;2;2;2;0;2;0;0;0;763;2404150
0;1;0;0;3;1;2;1;0;2;0;0;0;0;0;1;2;794;205050
0;0;0;0;13;1;0;1;0;2;2;0;0;0;0;1;2;8115;95230
0;0;1;1;68;1;2;1;0;2;0;2;2;2;2;1;1;10375;7039450
0;0;1;1;30;1;0;1;0;0;2;0;0;2;1;0;2;8645;2538050
0;0;0;0;16;1;0;1;0;2;0;0;0;0;0;0;0;751;1212850
1;0;0;0;33;1;0;1;0;2;0;2;0;0;2;0;0;806;265110
1;0;1;0;72;1;0;2;1;1;1;1;1;1;2;0;1;193;130480
0;1;0;0;4;1;2;1;0;0;0;0;0;2;0;1;2;846;36010
0;0;0;0;12;0;1;0;2;0;0;2;0;0;1;1;3;336;435450
0;1;1;0;4;1;2;1;0;0;0;0;2;0;0;1;2;8325;308050
0;0;1;1;0;1;0;0;2;2;2;0;2;2;2;0;3;8085;367690
0;0;0;0;6;1;2;1;2;0;0;0;0;0;0;1;2;7905;43450
0;0;1;0;65;1;2;1;0;2;2;2;2;2;1;1;1;10805;711890
0;0;0;0;15;1;0;2;1;1;1;1;1;1;0;0;3;199;320450
0;0;0;1;24;1;0;2;1;1;1;1;1;1;1;0;0;2105;531550
0;0;0;1;13;0;1;0;0;2;0;0;0;0;0;0;2;3015;38220
1;0;0;0;24;1;0;1;0;0;0;0;0;2;0;1;1;7985;20010
0;0;1;0;72;0;1;0;2;2;2;2;2;2;2;0;0;655;491970
0;0;1;1;54;1;2;1;2;2;0;0;2;2;0;1;0;1041;564580
0;0;0;0;3;1;2;1;0;0;0;0;0;0;0;0;0;744;21580
1;0;1;1;4;1;0;2;1;1;1;1;1;1;0;1;3;205;7760
0;1;1;1;32;1;2;1;0;0;2;0;2;0;0;1;3;9135;2896550
1;1;0;0;35;1;2;1;0;0;2;0;2;2;0;1;2;9905;339580
1;0;1;1;35;1;0;2;1;1;1;1;1;1;2;0;0;205;759350
1;1;0;0;2;1;0;0;0;0;0;0;0;0;0;0;3;4495;85150
0;0;0;0;8;1;0;1;0;2;0;0;0;0;0;0;2;756;535550
1;0;0;0;22;1;0;0;2;0;0;2;0;0;0;0;3;551;1253150
0;0;0;0;15;1;0;0;2;0;2;2;0;0;0;0;2;5895;955150
1;0;0;0;22;1;2;1;0;0;0;0;2;2;0;1;2;951;216260
1;0;1;0;1;1;0;0;0;0;0;0;0;0;0;0;1;447;4470
0;0;1;1;71;1;2;2;1;1;1;1;1;1;2;0;0;2545;1813350
1;0;0;0;4;1;0;0;2;0;2;0;0;0;0;0;2;5675;245150
1;0;0;0;25;1;2;0;2;2;2;2;0;2;0;0;0;8175;202880
0;0;1;1;32;1;0;1;0;2;0;0;2;0;0;1;2;861;2723750
1;1;1;0;7;0;1;0;2;0;0;0;0;0;0;0;0;298;220450
1;0;0;0;17;1;0;2;1;1;1;1;1;1;1;1;3;205;36580
1;1;1;0;8;1;0;0;2;0;0;0;2;0;0;0;0;609;551950
0;1;0;0;56;1;2;0;2;0;2;2;0;2;2;0;0;7325;405420
1;0;0;0;1;1;0;0;0;0;0;0;0;0;0;1;3;457;4570
1;1;0;0;8;1;0;1;2;0;0;2;2;2;0;0;1;1003;832350
1;0;0;0;7;1;0;2;1;1;1;1;1;1;0;0;2;1925;11230
1;0;0;1;3;1;0;2;1;1;1;1;1;1;0;0;3;2085;60650
0;0;0;0;71;1;0;0;2;2;2;2;2;0;2;0;1;7735;555010
0;0;0;0;2;1;2;1;0;0;0;0;2;2;0;1;2;96;17480
0;0;0;0;1;1;0;1;0;0;0;0;2;2;0;0;2;9055;90550
1;0;1;0;49;1;2;1;2;2;0;0;2;0;0;1;0;9385;473310
1;0;0;0;58;1;0;0;0;2;2;2;2;0;2;0;0;701;4048950
1;1;1;0;44;0;1;0;0;2;0;0;0;0;0;1;2;3035;135970
0;0;1;1;59;1;0;0;0;2;0;2;2;2;2;1;1;7595;4542350
1;0;0;0;71;1;2;1;2;0;2;2;2;2;2;1;2;10805;7532150
1;0;0;0;1;1;0;1;0;0;0;0;0;0;0;1;2;699;6990
0;0;0;0;11;1;2;1;0;0;0;0;0;0;0;0;2;7525;888650
1;1;1;0;62;1;2;1;0;2;2;0;2;2;1;1;2;10375;6383350
0;0;1;1;35;1;0;0;2;0;0;2;0;0;1;1;0;5495;19160
0;0;0;0;20;1;0;2;1;1;1;1;1;1;0;1;0;195;4130
1;0;1;1;40;1;0;2;1;1;1;1;1;1;2;0;3;196;808950
0;0;0;0;39;1;0;0;2;0;0;0;0;0;1;1;2;4785;188640
1;0;0;0;1;1;2;1;0;0;0;0;0;2;0;1;2;866;8660
0;0;1;1;72;1;2;2;1;1;1;1;1;1;2;0;0;2375;1679250
0;1;1;0;33;1;2;1;0;2;0;0;0;0;0;1;0;806;265650
0;0;0;0;12;1;0;0;0;0;0;0;0;0;0;0;0;438;540950
1;0;0;0;1;1;0;2;1;1;1;1;1;1;0;0;0;1975;19750
1;0;0;1;27;1;0;2;1;1;1;1;1;1;0;0;3;1915;537350
1;0;1;1;34;1;0;2;1;1;1;1;1;1;1;0;1;196;67880
0;0;1;0;56;1;0;1;2;0;2;0;0;0;2;0;0;803;4513650
0;0;0;0;58;1;2;2;1;1;1;1;1;1;2;0;1;2435;1423850
0;0;1;1;22;1;2;2;1;1;1;1;1;1;2;0;1;2525;55540
0;0;1;1;10;1;2;2;1;1;1;1;1;1;2;0;1;261;225550
1;0;0;0;13;1;0;2;1;1;1;1;1;1;2;0;1;20;268450
0;0;0;0;35;1;2;1;0;2;0;2;0;0;0;0;1;853;291750
0;0;0;0;34;1;0;1;0;0;0;0;0;0;0;1;1;70;241610
0;1;0;0;4;1;2;1;0;0;0;0;2;2;0;1;2;943;424450
1;0;1;0;72;1;0;2;1;1;1;1;1;1;2;0;0;207;149210
1;0;0;0;2;1;0;0;0;0;0;2;2;2;0;0;2;703;13240
0;0;0;0;7;1;0;1;0;0;2;0;2;2;0;1;2;9535;66090
1;1;1;0;27;1;2;1;0;0;0;0;0;0;0;1;2;755;1893950
1;0;1;1;4;1;0;1;0;0;0;0;0;0;0;1;3;6955;28490
0;0;0;0;37;1;0;2;1;1;1;1;1;1;2;0;3;1985;784250
1;0;0;0;21;1;0;2;1;1;1;1;1;1;0;0;3;20;41770
0;1;1;0;53;1;2;1;0;0;0;0;2;2;1;1;1;9585;5016250
0;0;0;0;18;1;2;1;0;0;0;2;0;2;0;1;2;901;1612750
0;0;0;0;2;1;0;1;0;0;0;0;0;0;0;0;2;6895;119750
1;0;1;1;32;1;2;1;2;0;0;0;2;2;0;1;1;9955;3204650
1;1;1;0;23;1;0;2;1;1;1;1;1;1;1;1;2;2075;48520
1;0;0;0;3;1;0;0;2;0;0;0;0;0;0;1;3;5015;160850
0;0;1;1;71;0;1;0;2;2;0;2;2;2;2;0;3;5865;4145250
1;0;0;0;9;1;0;1;0;0;0;2;2;2;0;1;0;959;827450
0;0;0;0;1;1;0;0;0;2;0;0;0;0;0;0;2;495;4950
1;0;1;1;18;1;0;0;0;0;2;0;0;2;0;0;2;5745;990850
1;0;1;1;12;1;0;0;0;0;0;0;0;2;1;0;1;5365;696350
1;0;1;0;71;1;2;0;2;2;2;2;0;2;2;1;3;801;558540
0;0;0;0;64;1;2;2;1;1;1;1;1;1;1;1;0;244;160120
1;0;0;0;4;0;1;0;0;0;0;2;0;2;0;1;2;4005;162450
0;0;0;0;23;1;0;2;1;1;1;1;1;1;0;1;3;195;47020
0;0;1;1;39;1;0;0;2;0;0;0;0;0;0;0;1;5105;20660
1;0;1;0;28;1;0;0;2;0;0;2;0;0;1;0;3;5435;1426450
0;1;0;0;5;1;0;1;0;2;0;0;2;0;0;1;2;847;39250
0;1;1;0;45;1;0;1;0;0;2;0;0;2;0;1;2;861;3861450
1;0;0;0;37;1;0;1;0;0;0;0;0;0;0;1;3;7035;255290
0;1;1;0;60;1;0;1;2;2;2;2;2;2;2;1;0;110;6668350
1;1;0;0;8;1;2;1;0;0;2;0;2;2;0;1;2;1006;81940
0;0;0;0;47;1;2;1;2;0;2;0;2;0;1;0;1;949;4615250
1;0;1;1;26;1;2;1;0;0;0;0;2;0;0;1;2;8375;207060
0;1;1;1;3;1;0;1;2;0;0;2;2;0;0;1;3;883;273750
0;0;1;1;50;1;0;1;0;0;0;0;0;0;0;1;0;6975;355770
1;0;1;1;27;1;2;0;0;0;0;2;2;2;0;0;0;716;195710
0;1;0;0;8;1;0;1;0;0;2;0;2;2;0;1;2;921;729950
0;0;1;0;62;1;2;2;1;1;1;1;1;1;2;0;0;2365;1416750
0;0;1;0;71;1;0;0;2;0;2;2;2;2;2;0;0;8185;592440
1;0;0;0;66;1;2;2;1;1;1;1;1;1;2;0;3;251;169770
1;0;1;1;68;1;2;1;2;2;2;2;2;2;2;1;0;1147;7849850
0;0;0;0;13;0;1;0;0;0;2;0;2;2;0;0;2;4915;64940
1;0;1;0;56;1;0;1;0;0;0;0;0;2;1;1;2;809;455750
1;0;1;0;38;1;0;1;2;2;0;0;0;0;0;1;2;7945;3013050
1;1;0;0;14;1;0;1;0;0;0;0;2;2;0;0;1;9045;126610
0;0;0;1;16;1;0;2;1;1;1;1;1;1;1;1;0;193;360350
0;0;1;1;14;1;0;1;0;0;0;0;0;0;0;0;2;702;104650
1;0;1;1;32;1;0;1;0;0;0;0;0;0;0;1;0;6975;234790
0;0;0;0;8;1;0;0;2;0;0;2;0;0;1;0;0;5425;447750
0;0;1;1;43;1;2;1;0;0;2;0;2;2;0;1;0;993;4209950
0;0;0;0;52;1;2;0;2;0;2;2;2;0;1;0;1;74;3877650
1;0;0;0;3;1;0;0;0;0;0;2;0;0;0;1;3;5025;15230
1;0;0;0;29;1;0;2;1;1;1;1;1;1;1;1;3;198;57220
0;0;0;0;1;1;0;2;1;1;1;1;1;1;0;0;3;1965;19650
1;1;0;0;12;0;1;0;0;0;2;2;0;2;0;1;2;4365;526950
0;0;1;1;16;0;1;0;0;0;0;0;0;2;0;1;1;355;55270
0;0;0;0;40;1;2;0;0;0;2;2;2;2;1;1;3;8075;3208650
0;0;0;0;5;0;1;0;0;0;2;0;0;2;0;0;2;395;210750
1;0;1;0;40;1;2;1;0;0;0;0;2;2;0;1;0;971;3706950
0;0;0;0;36;1;0;2;1;1;1;1;1;1;1;0;3;1955;620750
0;0;0;0;5;1;0;1;0;0;0;0;0;2;0;1;2;80;41250
0;0;0;0;10;1;0;1;2;0;0;0;2;0;0;1;3;847;832050
1;0;1;1;2;1;0;1;0;0;0;0;2;2;0;1;0;8955;185550
1;0;0;0;23;1;2;1;0;0;0;2;2;0;0;1;2;906;194320
1;0;1;1;26;1;0;2;1;1;1;1;1;1;1;1;0;2005;50590
0;1;1;0;72;1;2;1;2;2;2;0;2;2;2;1;2;1124;8046850
0;0;1;0;34;1;0;0;0;0;0;2;0;0;0;0;0;502;181530
1;0;0;0;10;1;0;0;2;0;0;2;2;0;0;0;0;6225;612950
0;0;0;0;14;1;0;0;2;0;0;2;0;0;1;0;3;557;795150
0;0;0;0;23;1;2;1;2;0;0;0;2;0;0;1;0;9005;216980
1;0;1;0;47;1;0;2;1;1;1;1;1;1;2;0;3;1965;97310
1;0;1;0;24;1;0;1;2;0;0;2;0;2;0;1;2;8925;221020
1;0;1;0;49;1;2;1;0;2;0;0;2;2;0;1;0;9905;4853750
1;1;0;0;20;1;0;0;2;0;0;2;0;0;1;0;3;54;105590
0;0;0;0;2;1;0;1;0;0;0;0;0;0;0;0;0;6975;144550
0;0;0;0;2;1;0;0;0;2;0;0;0;0;0;1;1;4905;9110
1;0;0;0;22;0;1;0;0;0;2;2;2;2;2;0;0;5675;1304850
1;0;0;0;7;1;2;1;0;0;2;0;2;2;0;1;0;9805;7130
1;0;0;0;1;1;0;2;1;1;1;1;1;1;0;0;3;211;2110
0;0;1;1;59;1;2;1;0;2;0;2;0;2;0;1;0;9665;558080
0;0;1;1;58;1;2;2;1;1;1;1;1;1;1;1;1;245;149790
0;0;0;0;41;1;2;1;2;2;2;2;2;2;0;1;0;1145;4527450
0;1;0;0;59;1;2;1;0;2;0;0;0;0;2;1;1;792;4590350
0;0;1;1;3;1;0;1;0;0;0;0;0;0;0;1;2;6955;20020
1;0;0;0;32;1;0;2;1;1;1;1;1;1;2;1;0;2005;614450
1;1;1;0;46;1;2;1;0;0;2;0;2;2;0;1;2;9885;456490
1;0;1;1;0;1;2;2;1;1;1;1;1;1;2;0;3;2575;367690
1;0;0;0;2;1;0;1;0;0;0;0;0;2;0;1;2;8095;171150
0;0;1;1;52;1;0;2;1;1;1;1;1;1;1;0;1;196;101240
0;1;0;0;13;1;0;1;0;0;2;0;0;0;0;1;2;743;940350
0;1;0;0;11;1;0;1;0;0;0;0;2;2;0;0;0;897;104770
1;0;0;0;32;1;2;1;2;0;0;2;0;0;0;0;0;8765;276640
1;1;1;0;17;1;2;1;0;0;2;0;2;2;0;1;1;10045;1622450
0;0;0;0;16;1;2;1;0;0;0;0;0;0;0;1;1;7475;1129350
0;0;0;0;51;1;2;1;2;2;2;0;2;2;1;0;0;10745;568090
1;0;0;0;29;1;0;0;0;0;2;2;2;2;1;1;0;7535;224390
1;0;1;0;70;1;0;0;2;2;2;2;0;0;2;0;1;6495;4523250
0;0;1;1;71;1;2;1;2;0;2;2;0;2;2;0;2;10045;715970
1;0;1;1;41;1;2;0;0;2;2;0;2;0;1;0;0;685;2839950
1;0;0;0;1;1;0;1;0;0;0;0;2;0;0;1;2;8055;80550
0;0;1;0;7;1;0;0;2;0;2;2;2;2;0;0;0;8125;58010
1;0;1;1;25;1;0;1;0;0;0;0;2;2;1;1;2;904;217860
1;0;1;1;67;1;2;1;2;2;0;2;0;0;1;0;2;8955;6038550
1;0;1;1;5;1;2;0;0;0;0;2;0;0;0;1;3;557;25940
1;0;0;1;15;1;2;2;1;1;1;1;1;1;0;1;2;248;324150
0;0;1;1;20;1;0;2;1;1;1;1;1;1;0;0;2;20;417650
1;0;1;1;3;1;0;0;0;2;2;0;0;0;0;1;3;5615;168150
1;0;1;1;54;1;2;1;0;2;0;2;2;2;1;1;2;1052;5637850
1;0;0;0;42;1;0;2;1;1;1;1;1;1;1;1;3;1955;83940
0;0;1;0;9;1;0;1;0;0;0;0;0;2;0;1;2;7975;76910
0;0;0;0;63;1;2;1;0;2;0;0;2;2;2;0;0;9745;62530
0;0;1;0;69;1;2;2;1;1;1;1;1;1;2;0;0;2425;164180
0;0;0;0;69;1;2;2;1;1;1;1;1;1;2;0;1;246;1678050
1;0;1;0;40;1;0;0;0;2;0;0;0;0;0;1;3;5015;205850
1;0;0;0;60;0;1;0;2;2;2;0;0;0;2;0;0;396;242450
0;0;0;0;4;1;0;1;2;0;2;2;0;2;0;1;0;944;38720
0;1;0;0;71;1;2;0;2;2;2;2;2;2;2;0;3;8985;6293450
0;0;1;0;37;1;2;1;0;0;2;0;0;0;0;1;1;7895;2839650
1;0;1;0;32;1;2;1;0;2;0;0;2;2;0;1;1;9885;314590
1;0;0;0;39;1;2;0;0;0;0;2;0;0;2;1;1;5385;220070
0;0;0;0;38;1;2;2;1;1;1;1;1;1;1;1;2;2425;91440
1;0;0;0;52;1;2;1;0;0;2;0;0;2;2;1;1;8945;4577750
0;0;1;1;48;1;2;1;2;2;0;0;2;2;0;1;1;10525;499750
1;0;1;1;70;0;1;0;2;0;2;2;2;2;2;0;0;595;414480
1;0;0;0;20;1;0;1;0;0;0;0;0;0;0;0;1;7055;1493550
0;0;0;0;50;1;2;0;2;0;2;2;2;2;1;1;1;825;417910
0;0;0;0;19;0;1;0;0;0;0;0;2;2;1;1;1;4485;893550
1;0;1;1;25;1;0;0;2;2;2;0;0;0;1;1;0;616;16110
1;0;0;0;12;1;0;0;0;2;0;0;0;0;0;1;0;4905;593050
1;1;1;0;39;1;2;1;0;2;2;0;2;2;0;1;2;10565;428480
1;0;0;0;7;1;0;1;0;0;2;0;0;0;0;0;3;7465;544550
0;0;1;1;23;1;0;0;2;2;2;2;0;0;1;1;3;6625;153380
1;0;0;0;27;1;0;2;1;1;1;1;1;1;0;1;2;194;52980
1;1;0;0;47;1;2;1;0;0;0;0;2;0;0;1;1;8605;386560
1;0;1;1;26;1;0;2;1;1;1;1;1;1;2;1;1;1915;515750
0;0;1;0;14;1;2;0;2;0;0;0;2;0;0;1;0;647;9410
0;1;1;0;11;1;2;1;0;0;2;2;2;2;0;1;0;10405;1133650
1;0;0;1;2;1;0;2;1;1;1;1;1;1;0;0;3;1925;48350
0;0;1;1;26;1;0;1;2;2;0;0;0;0;0;0;2;8195;2070050
0;1;1;0;72;1;2;1;2;2;2;2;2;2;2;1;0;11465;8333950
0;0;1;1;63;1;0;2;1;1;1;1;1;1;2;0;1;20;1209250
1;0;1;1;71;1;0;2;1;1;1;1;1;1;2;0;3;198;1396250
1;0;1;1;11;1;2;0;2;0;0;0;2;0;0;1;0;6515;723350
1;1;1;0;14;1;0;2;1;1;1;1;1;1;1;0;3;1965;228650
0;0;0;1;13;1;2;0;2;2;2;2;2;2;2;0;1;8895;1161750
1;0;0;1;6;1;0;2;1;1;1;1;1;1;0;1;3;202;98350
1;1;1;1;11;1;2;1;0;0;0;0;0;0;0;1;1;752;77530
1;0;1;0;18;1;2;0;0;2;0;0;0;0;0;0;1;568;1074650
1;0;0;0;1;0;1;0;0;0;0;0;0;2;0;1;2;3555;35550
0;0;1;0;32;1;0;1;2;0;0;0;0;0;0;1;0;755;232470
1;0;0;0;29;0;1;0;2;0;0;2;0;0;1;0;3;356;107260
0;0;0;0;3;1;2;0;0;0;0;0;2;0;0;1;2;6025;17050
0;0;0;0;2;1;2;1;0;0;0;0;2;2;0;1;2;9515;19690
1;0;1;1;13;1;0;1;0;0;2;0;2;2;0;1;3;9665;1162850
0;0;0;0;41;0;1;0;0;2;0;0;0;2;0;1;2;4035;1677850
0;0;0;0;1;1;0;2;1;1;1;1;1;1;0;0;2;1885;18850
1;0;0;0;7;1;0;0;0;0;0;0;2;0;0;0;3;5485;37040
0;0;1;0;52;1;0;0;2;0;2;0;2;0;1;1;3;643;341060
0;0;1;1;45;1;2;2;1;1;1;1;1;1;2;1;0;2465;113880
1;0;1;0;70;1;2;0;0;2;2;2;2;0;2;0;1;761;5264250
0;0;0;0;53;1;0;2;1;1;1;1;1;1;2;0;3;187;100570
0;1;1;0;62;1;2;1;0;2;2;0;2;0;1;1;1;9795;5936550
0;0;1;0;60;1;2;1;2;2;0;0;0;2;0;1;1;941;547590
0;1;1;0;3;1;0;1;0;0;0;0;2;0;0;1;2;804;224050
0;1;1;0;23;1;0;1;2;0;0;0;2;2;0;1;2;951;2326050
1;0;0;1;1;0;1;0;0;2;0;0;0;0;0;1;3;3135;31350
0;0;0;0;67;1;0;0;2;0;2;2;0;2;1;1;0;7235;499150
0;0;0;0;12;1;2;1;0;2;0;0;2;0;0;1;0;8975;105240
0;1;1;0;71;1;2;0;2;2;2;2;0;2;2;1;0;827;583120
1;0;0;0;25;1;0;2;1;1;1;1;1;1;1;0;1;199;51080
0;0;0;0;5;1;2;0;2;0;0;0;0;0;0;1;2;538;283950
1;0;0;0;26;1;2;0;0;0;0;0;0;0;1;1;1;5155;129540
1;0;1;1;1;1;0;2;1;1;1;1;1;1;1;0;3;1965;19650
1;1;0;0;70;0;1;0;0;2;2;0;2;0;1;1;1;4405;3011650
1;0;1;1;72;1;2;1;2;2;2;2;2;2;2;1;2;114;8093150
1;0;1;0;60;1;0;1;0;2;0;0;2;2;1;1;2;944;5610250
0;1;1;1;32;1;2;1;0;2;0;0;2;2;0;1;2;1004;3217650
1;0;0;0;1;1;0;2;1;1;1;1;1;1;0;1;2;1985;19850
0;0;0;0;14;1;2;0;0;2;0;0;0;0;1;1;3;5425;77320
0;0;0;0;13;1;2;1;2;0;0;0;0;0;0;1;1;80;1029350
0;0;0;0;6;1;2;1;0;2;2;2;2;2;0;1;1;1099;669450
0;0;0;0;46;1;2;0;2;0;2;0;2;2;2;0;3;792;359380
1;0;0;0;15;1;0;1;0;0;2;2;2;2;0;1;2;10135;1553950
1;1;1;0;43;1;2;1;0;2;0;2;2;0;0;1;2;943;3953150
1;0;0;0;39;1;0;0;0;0;0;2;0;0;2;1;0;498;1971150
1;1;0;0;21;1;0;0;0;0;2;0;2;0;0;1;0;6005;1236150
1;0;0;0;57;0;1;0;2;0;2;0;2;2;0;1;2;5375;31960
0;0;1;0;53;1;0;1;0;0;0;2;2;2;1;1;2;9345;487220
1;0;1;1;18;1;0;1;2;0;2;0;2;0;0;1;3;879;150050
0;0;0;0;1;1;2;0;0;0;0;0;0;2;0;1;2;6015;60150
0;0;1;0;58;1;2;0;2;0;0;2;0;0;1;1;0;6105;3478750
0;1;0;0;71;1;2;1;0;0;2;0;2;2;2;0;0;10405;7413550
0;0;0;0;35;1;0;1;0;0;2;2;2;2;1;1;2;9925;35320
1;0;0;0;3;1;0;1;0;0;2;0;0;2;0;0;1;857;256750
1;0;0;0;38;1;2;1;2;2;0;0;2;2;1;1;2;10485;3887250
1;0;1;1;35;1;2;0;2;2;2;2;0;0;2;1;1;6915;2490150
1;0;0;0;7;1;2;1;0;0;2;0;2;0;0;1;2;9045;593450
0;0;0;0;47;1;0;0;0;0;2;2;2;2;2;0;3;7445;351030
0;0;0;0;14;1;0;0;0;2;0;0;0;0;0;0;2;5045;765450
0;1;1;0;20;1;0;0;0;2;0;0;0;2;0;1;2;60;1259350
1;0;1;0;66;1;2;0;2;2;0;2;2;2;2;0;2;8525;5538350
1;0;1;0;15;1;0;2;1;1;1;1;1;1;0;1;1;1945;340850
0;0;0;0;42;1;0;2;1;1;1;1;1;1;2;1;0;2075;844450
0;0;1;0;17;1;2;1;2;0;0;0;0;0;0;0;2;789;1348950
1;0;0;0;37;1;2;1;0;2;0;2;2;2;1;1;1;1045;37780
0;0;0;0;12;1;0;0;0;2;0;0;0;0;0;1;2;494;611650
1;0;1;0;53;1;0;1;0;2;0;0;2;2;1;1;0;9425;4867950
0;0;0;0;60;1;2;2;1;1;1;1;1;1;2;0;3;25;1505050
1;0;1;1;18;0;1;0;0;0;0;0;0;0;0;0;1;2555;467850
1;0;0;0;1;1;2;1;0;0;0;0;0;0;0;1;2;749;7490
0;0;0;0;3;1;0;1;0;0;0;0;0;0;0;1;2;7015;19420
0;0;0;1;9;1;0;0;0;0;0;2;2;2;0;1;1;694;571450
0;0;0;0;1;1;0;1;0;0;0;0;2;0;0;1;2;8025;80250
1;0;1;0;56;1;2;1;2;2;2;0;0;0;1;1;2;9315;5253950
1;0;1;1;17;1;0;1;0;0;0;0;0;0;0;1;2;69;1149650
0;0;1;1;11;1;2;0;0;0;0;2;0;2;0;1;2;6635;74080
1;0;0;0;7;1;0;1;0;0;0;0;0;0;0;1;2;6955;521350
0;0;1;1;69;1;0;2;1;1;1;1;1;1;2;0;0;202;1412650
1;0;0;0;19;1;2;1;0;0;0;0;0;2;0;1;0;86;1532450
0;0;1;1;3;1;0;1;0;0;0;0;0;2;0;1;2;803;250050
1;0;1;1;54;1;0;2;1;1;1;1;1;1;2;0;1;204;109060
1;0;1;0;62;1;2;2;1;1;1;1;1;1;1;1;1;2375;144680
1;0;0;0;24;1;2;1;0;2;0;0;2;0;0;1;1;9055;2282550
0;0;1;1;62;1;2;0;0;0;0;0;2;2;0;1;1;7045;4300450
1;0;0;0;17;1;2;0;2;0;0;0;0;2;0;0;0;6575;111120
1;0;0;0;9;0;1;0;0;0;0;0;0;0;0;1;3;246;19010
1;0;1;1;64;1;0;0;2;0;2;2;2;0;2;0;3;6925;4447750
0;0;0;0;2;1;2;1;0;0;0;0;0;0;0;1;2;759;143350
1;0;1;1;1;1;0;0;0;0;0;0;0;0;0;1;3;4585;45850
0;0;1;0;16;0;1;0;0;0;0;2;2;2;0;1;2;4995;81020
0;0;1;0;72;1;2;2;1;1;1;1;1;1;2;0;0;2465;1830050
1;0;0;0;30;1;2;1;2;2;2;0;0;0;1;0;0;904;2820650
0;0;1;0;49;1;2;1;2;0;0;0;2;2;0;1;3;10085;4847350
1;0;1;0;61;1;2;0;2;0;2;2;0;2;2;0;1;7535;472930
1;0;1;1;47;1;2;1;0;2;0;0;2;0;0;0;2;872;4017450
1;0;0;0;20;1;0;0;2;0;2;0;0;2;0;0;1;644;139860
1;0;1;1;34;1;0;1;0;0;0;0;2;0;0;0;2;783;256430
0;0;1;1;70;1;2;2;1;1;1;1;1;1;2;0;0;247;168590
1;0;0;1;54;1;0;1;2;2;0;2;2;2;1;1;2;10585;5826650
1;1;1;0;61;1;2;1;0;2;2;2;2;0;1;1;3;983;6066550
1;0;0;0;3;1;2;1;0;0;0;0;0;0;0;1;2;7695;22840
1;0;0;0;13;1;0;2;1;1;1;1;1;1;1;0;3;1945;27020
0;1;0;0;16;1;2;1;0;0;0;0;2;2;0;1;2;9615;152920
0;0;1;1;3;1;0;0;0;2;0;0;2;0;0;1;1;587;16860
1;0;0;0;25;1;0;2;1;1;1;1;1;1;0;1;3;2015;536350
1;0;0;0;30;1;2;0;2;0;0;0;0;2;0;1;3;645;1888450
0;0;1;0;21;0;1;0;2;0;0;0;0;0;0;0;2;285;629350
1;0;0;0;1;1;0;0;0;0;0;0;0;0;0;0;2;453;4530
0;0;0;0;15;1;0;2;1;1;1;1;1;1;0;0;0;194;28930
1;1;1;0;23;1;0;1;0;0;0;0;2;2;0;1;2;9045;2117250
0;0;1;1;45;1;2;1;2;2;0;0;2;2;0;1;2;10515;473090
0;0;1;1;24;1;2;1;0;2;2;0;0;0;1;0;0;8315;2033050
0;0;0;0;11;1;2;1;0;0;0;2;2;0;0;0;2;9015;987950
1;0;0;0;1;1;0;0;0;0;0;0;0;0;0;0;3;4505;45050
0;0;1;0;56;1;2;1;0;0;2;2;2;2;2;0;0;1032;5744350
0;0;0;0;1;1;0;1;0;2;0;0;0;0;0;0;2;758;7580
1;0;0;0;1;1;0;2;1;1;1;1;1;1;0;0;2;1945;19450
0;0;0;0;7;1;0;1;0;0;0;0;0;2;0;1;2;793;523150
0;1;1;0;55;1;0;1;0;0;2;2;2;0;2;0;1;888;480530
0;0;0;0;2;0;1;0;0;0;0;2;0;0;0;1;2;309;59050
0;0;1;1;72;1;2;0;2;0;2;2;2;2;2;1;1;859;6110750
0;1;0;0;45;0;1;0;0;0;0;0;0;2;1;0;2;342;159660
0;0;0;0;47;1;0;2;1;1;1;1;1;1;2;0;3;2015;104620
0;1;0;0;46;1;0;1;0;2;0;0;2;2;1;0;1;9525;442420
1;0;0;0;2;1;0;0;0;2;0;0;0;0;0;1;3;503;92750
0;0;1;0;2;1;0;1;2;0;0;2;0;0;0;1;2;8015;194550
0;0;1;0;12;1;0;0;0;2;0;0;0;0;0;1;2;5125;61210
0;1;1;0;68;1;2;1;0;2;0;0;0;2;0;1;0;896;612760
1;0;1;1;69;1;0;1;0;0;0;2;2;2;2;1;1;952;667170
1;1;0;1;56;1;0;1;2;0;0;0;2;2;1;0;1;948;526430
0;1;0;0;4;1;2;1;2;0;0;0;0;0;0;1;2;8025;30370
1;0;1;0;64;1;2;0;0;2;2;2;2;0;2;1;0;761;481880
1;0;1;0;59;1;2;1;2;2;2;0;2;2;1;1;2;11015;6448050
1;0;1;1;62;1;2;1;2;2;2;2;2;2;2;0;0;11555;7159050
1;0;1;1;63;1;2;2;1;1;1;1;1;1;2;0;1;2465;157450
0;0;0;0;53;0;1;0;2;2;2;2;2;0;1;1;2;536;287920
1;0;1;1;5;1;0;2;1;1;1;1;1;1;0;0;3;1945;86050
1;1;1;0;49;1;2;1;2;2;2;0;0;0;0;1;2;882;4159450
0;0;1;1;62;1;2;1;2;0;0;0;2;2;2;1;0;10115;6638350
0;0;1;0;55;1;0;0;2;2;0;2;0;0;2;0;3;568;3112050
0;1;1;0;71;1;0;1;2;2;2;2;2;0;2;1;2;994;7168250
0;0;1;1;72;1;0;2;1;1;1;1;1;1;2;1;1;201;1326250
1;0;1;1;36;0;1;0;2;0;2;2;2;2;1;0;1;607;2234550
1;0;1;0;25;1;0;2;1;1;1;1;1;1;1;1;0;2095;495150
0;1;1;0;72;1;2;1;2;2;2;2;2;2;2;1;0;11485;8317950
0;0;0;0;36;1;0;2;1;1;1;1;1;1;1;1;0;1925;67980
1;0;0;0;1;1;0;0;0;0;0;0;2;2;0;1;3;628;6280
0;0;1;0;72;1;2;1;2;0;2;0;2;2;2;1;2;1055;75440
1;0;1;1;59;1;0;2;1;1;1;1;1;1;2;0;3;1985;1188250
1;1;1;0;7;1;0;1;0;0;0;0;2;2;0;1;2;895;67670
0;0;0;0;1;1;0;0;0;0;2;2;2;2;1;0;1;741;7410
0;0;1;1;30;1;2;1;0;2;2;2;2;2;0;1;2;1075;324250
1;0;0;0;64;1;0;2;1;1;1;1;1;1;2;0;3;1955;1240150
1;0;0;0;63;1;2;0;2;2;2;2;0;0;1;0;0;688;4111350
1;1;1;0;72;1;2;0;2;2;2;0;2;2;2;0;1;8445;5899850
1;0;1;0;8;1;0;1;2;0;0;0;0;0;0;0;2;75;632950
0;0;0;0;62;1;2;0;0;2;2;2;2;2;2;0;0;845;519320
1;0;1;1;67;1;2;1;0;2;2;2;2;2;2;1;0;1112;753080
1;0;0;0;6;1;0;0;0;0;0;0;0;0;0;0;2;4475;270950
0;0;1;1;70;1;2;0;2;0;0;2;2;2;2;1;0;806;546020
0;1;0;0;20;1;0;1;0;0;0;0;2;0;0;0;0;807;161420
0;0;0;0;5;1;2;1;0;0;0;0;0;0;0;0;2;756;40250
0;0;1;1;24;0;1;0;2;2;2;0;2;2;1;0;2;576;1367750
0;0;1;0;11;1;0;0;0;0;0;0;0;0;0;1;2;4405;48370
1;0;1;0;72;1;2;1;0;2;2;2;2;2;2;1;1;1106;796220
0;0;1;1;66;1;0;0;2;2;0;2;0;0;2;1;1;582;381080
0;0;1;1;45;1;0;0;2;0;2;2;2;2;2;1;3;81;353360
0;0;1;1;69;1;0;2;1;1;1;1;1;1;2;0;0;197;139690
1;1;1;0;15;1;2;1;0;0;0;0;0;2;0;1;0;856;1345550
0;0;0;0;28;1;0;0;0;0;2;0;2;0;0;1;0;5955;1646450
0;0;0;0;70;1;2;1;2;2;2;2;2;2;1;0;1;11555;812760
0;0;0;0;36;1;0;0;2;2;2;2;0;2;1;1;3;7555;2680150
1;1;0;0;16;1;2;1;0;0;0;0;2;0;0;1;2;866;12810
0;0;0;0;18;1;2;1;0;0;0;0;2;0;0;1;2;852;155390
0;0;1;0;34;1;2;1;0;0;0;0;2;2;0;1;2;9765;3207550
1;0;1;1;42;0;1;0;0;2;2;0;0;2;1;1;1;451;2049050
1;0;0;0;48;1;2;0;2;0;0;2;0;2;1;1;0;7095;362920
1;0;1;0;47;1;2;1;0;2;2;2;2;2;0;1;2;10955;5124550
0;0;1;1;39;1;2;1;0;2;2;2;0;0;1;1;2;8955;3474450
0;0;1;1;11;1;0;2;1;1;1;1;1;1;2;0;1;209;20230
1;0;0;0;7;1;0;2;1;1;1;1;1;1;0;1;3;1995;14750
0;0;0;0;3;1;2;2;1;1;1;1;1;1;0;0;3;246;86350
1;0;0;0;8;1;0;0;2;0;2;0;0;2;0;1;2;667;5790
1;0;0;1;1;1;0;2;1;1;1;1;1;1;0;1;3;1945;19450
1;0;1;1;32;1;0;1;2;2;2;0;0;2;1;0;3;948;3131550
1;0;1;1;60;1;0;0;2;2;2;2;0;0;1;1;0;6585;392830
0;0;1;0;10;1;0;2;1;1;1;1;1;1;0;1;0;1995;187750
0;0;1;0;71;1;2;2;1;1;1;1;1;1;2;1;0;2465;1710150
0;0;1;1;4;1;0;2;1;1;1;1;1;1;0;0;3;2035;76350
0;1;0;0;1;1;0;1;0;0;0;0;0;0;0;1;2;6925;69250
0;0;1;1;43;0;1;0;2;2;0;2;2;0;1;1;0;5125;215160
1;0;1;0;59;1;2;1;0;0;2;0;2;2;1;1;0;995;596110
0;0;1;0;23;1;0;0;0;0;2;2;0;0;0;0;2;5425;1221550
0;0;1;0;72;1;0;2;1;1;1;1;1;1;2;0;0;194;1496450
1;0;1;0;22;1;0;0;2;0;0;2;0;0;1;1;1;5625;129220
0;0;0;0;1;0;1;0;0;0;0;0;0;0;0;1;3;2515;25150
1;0;0;0;69;1;2;2;1;1;1;1;1;1;2;0;0;2395;171310
1;0;0;0;50;0;1;0;2;0;0;2;0;0;1;1;3;354;174890
0;1;0;0;1;0;1;0;0;0;0;0;0;0;0;1;2;252;2520
1;0;0;0;2;1;0;0;0;0;0;0;0;0;0;1;3;45;96450
0;0;1;0;15;1;0;1;0;2;0;0;0;0;0;0;0;7535;1114550
1;0;0;0;31;1;0;2;1;1;1;1;1;1;2;0;0;204;60910
1;0;0;0;1;1;0;2;1;1;1;1;1;1;0;0;3;2015;20150
1;0;1;0;66;1;2;1;0;2;2;0;2;2;0;1;1;105;7133250
0;0;1;1;0;0;1;0;2;2;2;2;2;0;2;0;1;5605;367690
1;0;0;1;3;1;0;0;0;0;0;0;2;0;0;1;1;547;169450
0;0;0;0;8;1;0;2;1;1;1;1;1;1;2;0;3;20;14160
1;0;1;1;64;1;0;0;2;0;2;0;2;2;1;1;1;7305;4688650
0;0;1;0;28;1;0;2;1;1;1;1;1;1;0;0;3;205;563050
0;0;1;0;57;1;2;1;0;0;2;0;2;2;1;1;1;10075;59850
0;0;1;1;14;1;2;1;0;0;2;0;0;2;0;1;2;8725;125860
1;0;0;0;19;1;0;2;1;1;1;1;1;1;2;1;3;1995;37350
1;0;1;0;10;1;0;1;0;0;0;0;2;0;0;1;2;7995;85720
0;0;1;0;51;0;1;0;0;2;0;0;2;2;0;1;2;4965;2553350
0;0;1;0;67;1;2;0;2;2;2;0;0;0;2;0;3;6565;4322850
1;0;1;1;11;1;0;2;1;1;1;1;1;1;0;1;2;2045;25080
1;0;1;1;72;0;1;0;2;0;2;2;2;2;2;0;0;6095;4549050
1;0;1;1;66;1;0;2;1;1;1;1;1;1;1;1;2;2035;135950
0;0;0;0;18;1;2;1;0;0;0;2;2;0;0;1;2;8835;163930
0;0;0;0;9;1;0;2;1;1;1;1;1;1;0;1;2;195;178850
0;0;0;0;9;1;2;1;0;0;0;0;0;0;0;1;1;752;633850
1;0;1;0;48;1;2;1;2;2;2;0;2;2;0;1;0;11145;531510
1;0;0;0;10;1;0;1;0;0;0;0;0;0;0;0;3;7015;73550
0;0;0;0;9;1;2;1;0;0;0;0;2;2;0;1;2;9475;88990
0;1;0;0;13;1;2;1;0;0;0;0;2;2;0;1;2;9505;12900
1;0;0;0;4;1;2;1;0;2;0;0;0;0;0;0;2;7845;330050
1;0;0;0;4;1;0;1;0;0;0;0;0;0;0;1;2;702;237950
0;0;1;0;72;1;2;0;2;2;2;2;2;2;2;0;0;92;647440
0;0;1;1;51;1;0;0;2;2;2;2;2;2;2;0;1;855;4421950
1;0;1;0;59;0;1;0;0;2;0;0;0;2;0;1;0;4105;245270
1;0;1;0;10;1;2;1;0;0;0;0;2;0;0;1;2;856;813850
1;1;1;0;61;1;2;1;0;2;0;0;0;0;0;1;2;8215;4904850
1;0;0;0;54;1;0;1;2;0;2;2;0;0;1;0;2;844;4484050
0;0;0;0;33;1;2;0;2;2;0;0;0;0;0;1;3;609;2033850
0;0;0;0;27;1;0;2;1;1;1;1;1;1;2;1;0;2025;53820
0;1;0;0;1;1;0;1;0;0;0;0;2;0;0;1;2;792;7920
1;0;0;0;23;1;0;1;0;2;0;0;2;2;0;0;3;953;219290
1;0;0;1;1;1;0;2;1;1;1;1;1;1;0;0;3;1985;19850
1;0;1;1;45;1;0;0;2;2;2;2;2;2;2;1;3;8435;3858050
0;0;1;1;39;1;0;2;1;1;1;1;1;1;2;1;0;1985;85480
1;0;0;0;5;1;0;0;0;0;2;0;2;2;1;1;3;70;34740
1;0;1;1;72;1;2;0;2;2;2;2;2;0;2;0;0;823;5815150
0;0;1;1;58;1;2;0;0;2;0;0;2;0;0;1;0;668;397040
0;0;0;0;70;0;1;0;2;2;2;2;0;0;2;1;0;446;3058150
1;0;1;1;61;1;0;1;0;2;0;2;2;2;1;1;0;9845;614520
1;0;0;0;2;1;0;1;0;0;0;0;0;0;0;0;3;707;12920
0;0;1;1;46;1;2;2;1;1;1;1;1;1;1;0;3;2495;116590
0;0;0;0;1;1;2;0;0;0;0;0;0;0;0;1;0;4995;49950
0;0;1;0;22;1;0;1;0;0;0;0;0;0;0;1;2;6925;15540
0;0;0;0;48;1;0;1;2;0;2;2;2;2;2;1;1;1025;4904250
1;0;0;0;64;1;2;0;0;2;2;2;2;2;2;0;1;8655;5632550
1;0;1;1;72;1;2;2;1;1;1;1;1;1;2;0;0;243;1643250
0;0;1;1;12;1;0;0;0;0;2;0;2;0;0;1;1;5835;740550
0;1;1;0;34;1;2;1;0;2;2;0;0;2;0;1;2;9425;3217550
0;0;1;1;72;1;0;0;2;2;2;0;0;2;2;0;1;6875;488820
1;0;1;0;29;1;2;1;0;2;2;0;0;0;0;1;2;858;2440250
1;0;1;1;33;1;0;2;1;1;1;1;1;1;1;0;1;201;620550
0;0;0;0;1;1;0;2;1;1;1;1;1;1;0;0;3;2035;20350
0;0;1;1;62;1;2;1;0;2;2;2;2;2;1;1;2;1108;6840950
1;0;1;0;41;1;2;0;0;0;2;0;2;2;1;1;2;73;300120
0;0;0;0;64;1;2;1;0;0;2;0;2;2;1;1;1;10005;625420
0;0;0;0;4;1;0;1;0;0;2;0;0;2;0;1;1;8285;31960
0;0;0;0;24;1;2;1;2;0;0;2;0;0;0;1;2;8435;1938050
0;0;1;1;14;1;0;2;1;1;1;1;1;1;1;0;3;1955;29450
1;0;0;1;3;1;0;2;1;1;1;1;1;1;0;0;3;1995;5830
0;1;0;0;4;1;0;1;0;2;2;0;2;2;0;1;1;998;442850
0;0;0;1;18;0;1;0;0;0;0;0;0;2;0;1;2;35;5530
1;0;0;0;8;1;0;0;0;0;0;0;2;2;0;1;2;6625;546450
0;0;0;0;35;1;2;2;1;1;1;1;1;1;2;0;0;233;79710
0;0;0;0;1;1;2;1;0;0;0;0;0;0;0;0;2;76;760
1;0;0;1;66;1;2;2;1;1;1;1;1;1;2;1;1;253;167380
1;0;0;1;8;0;1;0;2;0;0;2;0;2;2;1;3;4455;343450
0;0;1;0;71;1;2;1;2;0;2;0;2;2;1;1;1;1041;7412250
0;0;1;1;43;1;2;1;0;0;2;0;0;2;0;1;0;9255;40390
0;1;0;0;2;1;2;1;0;0;0;0;2;2;0;1;2;9385;170850
1;1;0;0;29;1;0;1;0;2;2;0;2;2;0;1;0;10145;294860
0;0;1;0;15;1;0;1;0;0;2;0;2;0;0;1;2;843;130840
1;0;1;1;65;1;2;1;2;2;2;2;0;0;2;0;1;9455;6078750
1;0;0;0;35;1;2;1;0;0;2;2;2;0;0;0;2;955;341820
1;0;0;0;64;1;0;1;2;2;0;0;2;2;1;1;1;1003;660380
0;0;1;1;58;0;1;0;0;0;2;2;2;2;2;1;1;555;316690
0;1;0;0;18;1;0;0;0;2;0;0;0;0;0;1;1;4985;865750
1;0;1;1;67;1;2;1;0;2;0;0;0;2;0;1;0;8955;637310
1;0;1;1;63;1;0;2;1;1;1;1;1;1;2;1;3;1915;1177050
0;0;1;0;60;1;2;1;0;2;0;0;2;2;0;1;2;998;5985750
1;1;0;0;9;1;2;1;0;0;0;0;0;2;0;1;1;844;73250
0;0;1;1;70;1;2;1;2;2;2;2;2;2;2;1;1;11305;7869050
1;0;1;0;15;1;2;1;0;0;2;0;2;2;0;1;2;1011;1504050
0;0;0;1;48;1;0;2;1;1;1;1;1;1;1;0;3;1995;93670
1;0;1;0;12;1;0;0;0;0;2;2;2;2;0;1;2;7415;74140
1;1;1;0;71;1;2;1;2;2;2;2;0;0;1;1;2;92;658520
1;1;0;0;44;1;0;1;0;0;2;0;0;0;0;0;2;7385;312240
1;0;0;0;1;1;2;0;0;0;0;0;0;0;0;1;2;5045;50450
1;0;1;1;45;1;2;2;1;1;1;1;1;1;2;0;3;2445;1088250
0;0;0;0;23;1;2;2;1;1;1;1;1;1;1;0;1;248;615350
0;0;1;0;43;1;2;0;0;0;0;2;2;0;1;1;0;6485;290820
1;0;0;0;35;1;0;2;1;1;1;1;1;1;0;0;0;2075;73990
1;0;1;0;9;1;0;0;2;2;0;2;2;0;0;1;3;6895;593850
1;0;0;0;12;1;2;1;0;0;0;2;2;2;0;1;3;9995;1132750
0;1;1;0;65;1;2;1;2;2;2;0;2;2;0;1;1;1094;7227450
0;0;0;0;2;1;2;1;0;0;2;0;2;0;0;1;2;914;19360
1;0;0;0;27;1;2;0;0;0;0;0;0;0;0;0;3;49;1291350
0;0;0;0;40;1;0;0;0;0;2;0;0;0;1;1;3;5025;2023550
0;1;0;0;5;1;0;1;0;0;2;0;0;0;0;1;1;7555;349650
1;0;1;1;8;1;0;2;1;1;1;1;1;1;1;0;1;199;153950
0;1;1;0;58;1;2;1;0;2;0;0;2;2;1;1;0;978;545880
0;0;1;1;52;1;0;1;2;0;2;0;2;2;1;0;2;1003;5244450
1;0;1;0;3;1;0;0;0;0;2;2;0;0;0;1;3;558;154550
1;0;0;1;41;1;0;1;2;2;2;2;2;2;2;1;2;11115;4507150
1;0;0;0;20;1;2;1;0;0;0;2;2;2;0;1;3;9855;2031950
1;0;0;1;1;1;2;0;0;0;0;0;0;0;0;1;2;5005;50050
1;0;0;1;4;1;2;1;0;0;0;2;0;0;0;0;1;808;332450
1;0;0;0;23;1;0;2;1;1;1;1;1;1;0;0;2;2085;47390
0;1;0;0;6;1;0;2;1;1;1;1;1;1;0;0;0;195;10680
1;0;1;1;8;1;0;2;1;1;1;1;1;1;0;1;3;1935;15260
1;0;0;0;18;1;2;0;2;0;2;0;2;0;0;0;3;695;119940
1;1;0;0;52;0;1;0;2;0;0;0;2;2;0;1;1;488;2555050
1;0;0;0;31;1;0;1;0;2;0;0;2;2;0;1;2;945;297920
1;0;1;1;29;1;0;2;1;1;1;1;1;1;0;1;3;2065;654850
0;0;1;0;36;1;2;1;2;2;2;2;0;2;2;1;1;10605;383440
0;0;1;0;16;1;2;1;0;2;0;0;2;2;0;1;2;100;1534750
1;0;1;0;42;1;2;1;0;0;2;2;2;2;1;1;2;1083;4586150
1;0;0;0;1;1;0;2;1;1;1;1;1;1;0;0;2;2055;20550
0;0;0;0;60;1;0;1;0;2;2;0;2;2;2;1;2;9965;5941050
1;0;0;0;5;1;2;1;0;2;2;0;0;0;0;1;2;853;424150
1;0;1;0;22;1;2;1;2;0;0;2;2;0;0;0;1;959;2234950
1;0;1;0;36;1;0;2;1;1;1;1;1;1;1;0;3;20;666750
0;0;0;0;4;1;0;1;0;0;0;0;0;0;0;0;2;704;2810
1;0;0;0;9;1;0;0;2;0;0;2;0;2;0;0;3;6495;54780
1;0;1;1;1;1;0;1;0;2;0;0;0;0;0;0;1;746;7460
1;0;1;1;12;1;0;0;2;0;0;0;0;0;0;1;2;492;571150
0;0;0;0;23;1;2;0;0;0;0;2;2;2;1;1;3;7375;175660
1;0;0;0;62;1;2;1;2;2;0;0;0;2;1;1;0;923;5731450
1;0;0;0;37;1;2;1;0;0;0;2;2;2;0;0;0;988;3475550
0;0;0;0;8;1;0;2;1;1;1;1;1;1;0;0;3;192;156850
1;0;1;0;31;1;2;1;0;0;2;0;2;0;0;0;1;8865;268320
1;0;1;1;13;1;2;1;0;0;0;0;0;0;0;1;1;744;896750
0;0;0;0;24;1;2;1;0;0;2;0;2;2;0;1;2;9875;240730
1;0;1;1;45;1;2;1;0;2;2;0;0;2;0;1;0;9595;4456650
0;1;1;0;69;1;2;1;0;2;0;2;2;2;2;0;1;1054;6998950
1;0;0;0;2;1;0;2;1;1;1;1;1;1;0;0;3;2025;3680
1;0;1;1;61;1;2;1;2;2;0;0;2;2;1;1;2;106;654770
1;0;0;0;41;1;2;1;0;2;2;0;2;2;0;1;2;1047;434640
0;0;0;0;44;0;1;0;0;0;2;0;2;2;1;1;2;4905;22650
1;0;0;0;39;0;1;0;0;0;2;2;0;0;1;0;3;3555;1309150
1;0;1;1;72;0;1;0;2;2;2;2;2;2;2;1;1;651;475430
0;1;0;0;13;1;0;1;0;0;2;0;2;2;0;1;2;9685;1235550
0;0;1;1;51;1;0;0;2;2;0;2;0;2;1;1;1;6975;356250
0;1;1;0;71;1;0;1;0;2;2;0;2;2;2;1;2;992;7213750
1;1;0;0;22;1;2;1;0;0;0;0;2;2;0;1;2;967;2082950
0;0;0;0;2;1;0;0;0;2;0;2;0;0;0;1;1;5505;102750
0;0;0;0;56;1;2;1;0;2;2;0;2;2;1;1;2;1068;591440
1;0;0;0;1;1;0;0;2;0;0;0;0;0;0;0;3;5125;51250
0;0;1;1;23;1;0;0;2;2;0;2;0;0;1;1;3;5775;1282850
0;1;1;0;66;1;2;0;0;2;2;0;2;0;1;1;0;7085;4738850
0;0;0;0;1;1;0;2;1;1;1;1;1;1;0;0;3;1955;19550
1;1;0;0;19;1;2;1;0;2;0;0;2;0;0;1;2;882;177580
1;0;0;0;11;1;0;1;2;0;2;0;0;0;0;1;0;795;795650
0;0;1;1;8;1;0;2;1;1;1;1;1;1;1;1;3;1975;1450
0;0;1;1;52;1;2;1;2;2;2;0;0;2;0;0;0;9815;499340
1;0;0;0;3;1;0;2;1;1;1;1;1;1;0;1;2;2025;61450
0;0;1;1;51;1;0;1;2;2;0;0;0;0;0;1;0;7915;4018550
1;1;0;0;15;1;2;1;0;0;0;0;0;0;0;0;2;7565;1146650
1;1;1;0;64;1;2;1;0;2;2;0;0;2;0;1;2;9425;608140
0;0;0;0;37;0;1;0;0;0;2;0;0;2;0;1;1;402;1478850
1;0;0;0;13;1;0;2;1;1;1;1;1;1;2;0;3;1995;243650
1;0;1;0;49;1;2;0;2;0;0;0;0;0;1;1;2;5535;2633950
0;1;0;0;45;1;2;1;0;0;2;0;2;2;1;1;0;10215;4735350
0;0;0;0;18;1;0;1;0;0;0;0;0;0;0;1;2;711;1247750
1;1;0;0;1;1;2;1;0;0;0;0;0;0;0;1;2;747;7470
1;0;1;0;68;0;1;0;2;0;2;0;2;2;2;1;0;541;379450
1;0;0;0;54;1;0;2;1;1;1;1;1;1;2;0;1;1965;100870
0;1;1;1;23;1;0;1;0;2;2;0;0;2;0;1;0;8845;2130550
1;0;0;0;17;1;0;1;0;0;2;0;0;0;0;1;2;7665;1313550
1;0;1;0;71;1;2;0;2;2;2;2;0;2;2;0;1;804;5727150
0;0;1;1;67;1;0;2;1;1;1;1;1;1;2;1;0;1925;137290
0;0;1;1;14;1;2;1;0;0;0;0;2;0;0;1;2;848;120390
0;1;0;0;1;0;1;0;0;0;0;0;0;0;0;1;3;258;2580
0;0;0;1;63;1;0;2;1;1;1;1;1;1;2;0;1;195;121510
0;0;0;0;41;1;2;0;0;0;2;2;0;2;1;1;2;686;2877050
0;0;1;0;17;1;2;1;0;0;0;0;2;2;0;0;2;926;157970
1;0;1;0;56;1;2;1;2;0;0;0;2;2;1;1;2;10055;5514950
0;0;0;0;5;1;0;2;1;1;1;1;1;1;0;0;1;2055;9610
0;0;0;0;2;0;1;0;2;2;0;0;0;2;0;1;2;426;7240
0;0;1;0;3;1;0;2;1;1;1;1;1;1;0;1;3;196;55250
1;0;0;0;37;1;2;0;2;2;2;2;0;0;1;0;2;6745;244330
0;0;0;0;29;1;0;0;2;2;2;0;0;2;0;1;0;6885;197050
1;0;0;0;8;1;0;0;0;0;0;0;0;0;0;0;3;4355;33540
0;0;0;0;63;1;2;1;0;2;2;2;2;2;0;1;1;10985;7002950
0;0;1;1;7;1;0;2;1;1;1;1;1;1;0;0;3;2065;158950
0;0;0;0;3;1;0;1;0;2;0;0;2;2;0;0;2;954;293150
1;0;1;1;72;1;0;2;1;1;1;1;1;1;2;0;0;21;1493750
0;0;0;0;19;1;0;0;0;0;0;0;0;2;0;1;2;562;109340
0;0;1;0;59;1;0;2;1;1;1;1;1;1;2;0;0;184;1057850
1;0;1;1;2;1;0;1;0;0;2;2;0;2;0;0;1;90;190050
0;0;1;1;35;1;2;2;1;1;1;1;1;1;0;1;2;2575;882550
1;0;0;0;14;1;0;2;1;1;1;1;1;1;0;0;1;196;30040
0;0;0;0;14;1;0;1;0;0;2;0;0;0;0;0;2;7535;1025950
0;0;1;1;69;1;0;2;1;1;1;1;1;1;2;0;1;198;1436950
1;1;1;0;7;1;2;0;2;2;0;2;0;0;0;0;2;642;4750
1;0;1;1;69;1;0;0;2;2;2;2;2;0;2;1;0;7575;5388150
0;0;1;1;72;1;2;0;0;2;0;2;2;2;2;1;2;7895;5730150
1;0;0;0;8;1;2;1;0;2;0;0;2;2;0;0;2;10085;819550
0;0;1;1;4;1;0;0;2;0;0;0;0;0;0;0;2;503;21710
1;0;1;1;63;1;0;1;0;2;2;0;0;0;0;1;1;803;4896350
1;0;0;0;72;1;0;2;1;1;1;1;1;1;2;0;0;1985;143410
0;0;0;0;46;1;0;2;1;1;1;1;1;1;2;1;2;211;93710
0;0;1;0;5;1;0;1;0;0;0;0;0;0;0;0;2;6995;330150
1;0;1;0;30;1;0;0;0;0;2;0;0;0;0;1;3;50;147490
1;0;0;0;63;1;2;1;0;2;2;0;2;2;2;1;0;10475;653650
0;0;0;0;60;1;0;2;1;1;1;1;1;1;2;0;0;1985;112810
0;0;1;0;63;1;2;1;0;2;2;0;2;2;1;1;2;1075;6873750
1;0;1;1;25;1;0;1;0;0;0;2;2;0;0;0;2;859;2199050
1;0;0;0;1;1;0;0;0;0;0;0;0;0;0;1;3;4585;45850
1;1;1;0;6;1;2;1;0;0;2;0;0;0;0;1;2;808;45710
1;0;0;0;22;1;2;2;1;1;1;1;1;1;2;0;3;2525;56650
0;0;1;1;31;1;2;0;0;2;0;2;2;2;2;0;0;8055;247160
0;0;1;1;39;1;0;1;0;0;2;2;0;0;0;1;0;815;310730
1;0;0;0;26;1;0;2;1;1;1;1;1;1;0;0;3;209;51830
0;0;1;0;53;1;0;1;2;2;2;0;2;2;1;1;0;1061;5769750
0;0;0;0;1;1;0;1;0;2;0;2;2;0;0;0;2;917;9170
1;0;0;0;12;1;2;0;2;2;0;2;0;0;0;1;2;6725;83230
0;0;0;0;16;1;2;1;0;2;2;0;0;2;0;1;1;956;1555650
0;0;0;0;2;1;0;2;1;1;1;1;1;1;0;0;3;2035;4530
1;0;0;1;39;0;1;0;2;0;0;2;2;0;1;0;0;4505;179060
1;0;0;0;1;1;2;1;0;0;0;0;0;0;0;1;2;7495;74950
0;0;1;1;7;0;1;0;2;0;0;2;0;0;0;0;3;3465;24660
1;1;0;0;4;1;0;1;0;0;0;0;0;0;0;0;2;6935;261650
1;1;0;0;10;1;2;1;0;0;0;0;2;2;0;1;2;9535;898350
0;0;0;0;55;1;0;1;0;2;2;0;0;0;0;1;2;8155;450950
1;0;1;1;72;1;0;0;0;2;2;0;2;2;2;1;0;754;5480250
0;0;1;0;10;1;0;0;0;0;2;0;2;2;0;1;1;678;653150
1;1;0;0;11;1;2;1;0;2;2;2;2;2;0;1;2;1114;1183050
0;0;1;1;15;1;0;0;0;0;0;0;0;0;0;0;2;463;639450
0;0;1;1;23;1;0;2;1;1;1;1;1;1;2;0;0;204;478750
1;0;0;1;1;1;0;2;1;1;1;1;1;1;0;0;3;2005;20050
0;1;0;0;3;1;0;0;0;0;0;0;0;0;0;0;2;45;12710
1;0;1;1;47;1;0;1;2;2;2;0;0;2;1;1;2;961;4391450
0;0;0;1;15;1;0;2;1;1;1;1;1;1;1;0;3;1965;27060
1;0;0;0;66;1;0;1;0;2;2;0;2;2;0;0;2;995;671050
0;1;1;0;68;1;0;0;0;2;2;2;0;0;1;1;0;6065;397590
0;0;1;1;17;1;0;1;0;0;2;2;2;2;1;0;0;986;1704950
0;0;0;0;7;1;0;0;0;0;0;2;2;0;0;1;3;595;415950
1;1;1;0;12;1;0;1;0;0;0;0;0;2;0;1;2;8045;95020
0;1;1;0;21;1;2;0;0;2;2;0;0;2;1;0;0;717;1497050
1;0;0;0;21;0;1;0;0;2;0;2;0;0;0;1;3;36;780150
0;0;1;1;56;1;2;0;2;0;0;0;2;0;1;0;0;652;3512150
0;0;1;1;6;1;2;0;0;0;0;0;0;0;0;1;1;4895;273250
0;1;0;0;65;0;1;0;0;2;2;0;2;2;2;1;0;535;351790
1;0;1;0;42;1;2;0;2;0;0;2;2;2;1;0;1;8045;337590
0;0;1;1;68;1;2;1;2;0;2;2;2;2;2;1;0;10905;7508550
1;0;1;1;48;1;2;2;1;1;1;1;1;1;2;0;0;263;1245050
0;1;0;0;50;1;2;1;0;2;0;2;2;2;1;1;2;1068;5347950
0;1;0;0;7;1;0;0;0;2;2;0;2;0;0;1;2;6495;493650
0;0;1;1;63;1;0;2;1;1;1;1;1;1;2;0;2;1935;1263850
1;0;0;0;17;1;0;2;1;1;1;1;1;1;0;0;1;211;385550
0;0;1;1;42;1;0;1;0;0;0;0;2;0;0;1;1;7795;33840
1;0;1;1;4;1;0;2;1;1;1;1;1;1;0;0;3;1885;8420
0;0;0;1;62;1;2;2;1;1;1;1;1;1;2;0;0;26;163870
1;1;0;0;2;1;0;1;0;2;0;0;0;0;0;1;2;747;16540
0;0;1;0;2;1;0;1;0;0;0;0;0;0;0;1;2;7035;120250
1;0;1;0;48;1;2;1;2;2;2;0;2;0;2;1;0;969;4473450
1;0;1;0;27;1;0;2;1;1;1;1;1;1;2;0;0;1955;520550
0;0;1;1;70;1;0;0;0;2;2;2;2;2;2;1;0;804;5717850
1;1;0;0;1;1;2;1;0;0;2;0;2;0;0;1;2;888;8880
1;0;1;0;46;1;2;1;0;2;2;0;2;0;1;1;2;9465;431250
1;0;0;0;30;1;0;1;0;0;0;0;2;2;0;1;2;9025;2755350
0;0;0;0;15;1;2;0;2;0;0;0;0;2;0;1;0;6465;994550
1;0;1;1;69;1;2;1;0;2;2;0;2;0;1;0;1;9575;6511250
1;0;0;0;65;1;0;2;1;1;1;1;1;1;2;1;1;1955;1218650
1;1;1;1;72;1;0;1;2;0;2;2;2;2;2;1;1;1041;744770
1;1;1;0;13;1;0;1;0;2;0;2;0;2;0;1;0;8905;1169350
1;0;0;0;17;1;0;2;1;1;1;1;1;1;1;1;3;201;27950
1;0;1;0;51;1;2;1;2;0;2;2;2;2;1;1;2;11155;5720350
1;0;1;1;51;1;0;0;2;2;0;2;0;0;2;0;1;605;3121450
0;0;1;0;72;1;2;0;2;2;2;2;2;2;2;1;0;9095;646860
1;0;1;1;67;1;2;1;0;2;2;0;0;0;1;0;2;874;591880
1;0;0;0;34;1;0;2;1;1;1;1;1;1;0;0;3;197;67560
1;0;1;0;67;0;1;0;2;2;0;2;0;2;2;1;0;5095;352170
0;0;1;0;49;1;0;2;1;1;1;1;1;1;1;1;0;2005;92310
1;0;1;1;53;1;0;2;1;1;1;1;1;1;2;1;3;194;1110350
1;0;0;0;27;1;2;0;0;0;2;2;0;0;0;0;2;5945;1611650
0;1;0;0;23;1;0;1;0;2;0;0;2;2;0;1;2;9475;229360
1;0;0;0;69;1;2;0;2;2;2;2;0;2;2;1;1;815;5553250
0;0;1;1;2;0;1;0;0;0;0;2;0;0;0;0;0;2905;44750
0;0;0;0;35;1;2;1;0;0;0;0;2;0;0;1;2;8645;302910
0;0;1;0;46;1;0;0;2;2;0;2;0;2;1;0;3;706;3231050
0;0;0;0;54;1;2;1;0;2;0;0;2;2;2;1;0;972;5129450
0;0;1;0;56;1;2;1;0;2;0;0;2;2;1;1;2;9825;5508350
0;0;1;0;9;1;0;1;0;0;2;0;0;0;0;1;0;7575;65590
1;0;0;0;20;1;2;0;2;0;0;2;0;0;0;0;0;592;119120
1;0;0;0;11;1;0;1;0;2;0;0;0;0;0;1;3;759;86640
0;1;1;0;30;1;2;1;0;2;0;0;2;0;0;1;2;9005;262720
1;0;1;0;68;1;0;0;2;2;2;0;0;2;2;0;0;7095;4741450
1;1;1;0;38;1;2;1;0;2;2;0;2;2;0;1;2;1026;400920
0;1;1;0;17;1;2;1;2;0;2;0;0;0;0;1;0;8535;1463450
1;0;0;0;48;1;2;1;0;2;2;0;2;2;1;1;1;1061;508280
0;0;0;0;1;1;0;0;0;0;0;0;0;0;0;0;2;438;4380
1;0;1;1;63;0;1;0;2;2;2;0;2;2;2;0;2;59;370760
0;0;0;0;3;1;0;0;0;0;2;0;2;2;1;1;2;6995;220450
0;0;0;0;48;1;2;2;1;1;1;1;1;1;1;0;0;2435;113370
1;0;0;0;66;0;1;0;0;0;0;2;0;0;1;0;1;2945;1983150
0;0;1;1;68;1;2;1;0;2;2;0;0;0;2;1;1;844;5746750
1;1;0;0;17;1;0;0;0;0;0;0;0;0;0;1;2;4505;77060
0;0;1;1;7;1;0;2;1;1;1;1;1;1;1;0;3;2065;134050
1;0;1;0;72;1;2;0;2;2;2;2;2;2;2;1;0;871;623010
0;0;1;0;29;1;0;2;1;1;1;1;1;1;0;0;3;1985;573050
1;0;1;0;37;1;0;1;0;0;2;2;0;2;0;1;2;9035;341930
0;0;0;0;34;1;2;1;2;2;2;0;2;2;0;1;3;1098;3587250
0;1;0;0;42;1;2;1;0;0;0;0;2;0;0;1;2;8465;3541350
0;0;1;1;59;1;2;0;2;2;0;2;0;0;1;0;3;655;380130
1;0;1;1;11;1;0;1;0;0;0;0;2;0;0;1;0;795;86850
1;1;1;1;60;1;2;1;2;0;0;0;0;0;0;1;2;8095;485910
0;0;0;0;27;1;0;0;0;2;0;2;0;0;0;1;3;5615;1439350
0;0;0;0;1;1;2;1;0;0;0;0;0;2;0;0;3;858;8580
1;1;0;0;1;1;0;1;0;0;0;0;2;0;0;1;2;791;7910
1;0;1;0;17;0;1;0;2;0;2;0;0;0;0;0;3;344;592750
1;0;1;0;58;1;0;2;1;1;1;1;1;1;2;0;3;2075;1185950
1;0;1;1;1;1;0;2;1;1;1;1;1;1;1;0;3;188;1880
0;0;1;1;3;1;0;0;0;0;0;0;0;0;0;0;3;443;13450
0;0;0;0;53;1;2;1;2;2;2;0;0;0;0;0;2;908;492120
1;0;0;0;35;1;2;2;1;1;1;1;1;1;0;1;2;256;901250
1;0;1;1;50;1;2;1;2;0;2;0;2;2;0;0;1;10595;534180
1;0;1;1;68;1;2;0;0;2;0;2;0;2;2;0;1;708;4859950
1;0;1;0;47;1;2;2;1;1;1;1;1;1;0;0;2;254;113920
0;1;1;0;65;1;2;1;0;2;2;0;2;2;0;1;0;1088;7082450
1;0;0;0;5;1;0;1;0;0;0;0;0;0;0;1;2;6975;32460
1;0;1;0;51;1;2;1;0;0;0;0;2;2;0;1;2;9465;4812750
0;0;0;0;46;1;2;1;0;0;0;0;2;2;0;0;0;9605;439950
0;0;0;0;9;1;2;1;0;0;0;0;0;0;0;1;2;7685;663550
0;0;0;0;8;1;0;2;1;1;1;1;1;1;2;0;3;2025;174650
1;0;0;0;14;1;2;2;1;1;1;1;1;1;1;1;1;248;32170
0;0;0;0;45;1;2;1;2;2;2;2;2;2;0;1;2;11565;512550
0;0;0;0;8;1;2;1;0;0;0;0;0;0;0;1;1;746;54890
1;1;0;1;1;1;0;0;0;0;2;0;0;0;0;1;3;5015;50150
1;0;1;1;66;1;0;1;2;2;2;0;2;2;1;1;0;10315;703130
1;0;1;1;72;1;2;0;2;2;2;2;0;0;2;0;1;721;5016650
0;0;1;0;41;1;2;1;2;2;2;2;2;2;0;1;0;1136;4594950
0;0;1;1;23;1;2;2;1;1;1;1;1;1;2;0;3;251;611450
0;0;0;0;29;1;0;1;0;0;0;0;2;0;0;1;2;789;2384150
0;0;0;0;4;1;2;1;2;0;0;0;0;0;0;1;2;8015;319850
1;0;1;1;6;1;2;2;1;1;1;1;1;1;2;0;3;254;15330
0;1;1;0;67;1;2;1;2;2;2;2;0;2;1;1;1;1054;703560
1;1;0;1;7;1;0;0;0;0;0;0;0;0;0;1;3;4575;34420
1;0;1;1;56;1;2;2;1;1;1;1;1;1;1;1;3;2445;1431650
0;0;1;0;72;1;2;2;1;1;1;1;1;1;2;0;1;25;184920
1;0;1;0;72;1;2;0;2;2;2;0;2;2;2;1;2;8525;608310
1;0;1;1;23;1;0;2;1;1;1;1;1;1;2;0;1;196;426650
0;0;0;1;35;1;2;0;0;0;0;0;0;0;0;0;3;5015;1655350
1;1;1;0;27;1;0;1;0;0;0;0;0;0;0;1;2;7055;194390
0;0;1;1;26;1;2;0;0;2;0;2;0;0;0;1;2;6005;1616150
1;0;1;1;12;1;2;2;1;1;1;1;1;1;1;0;3;264;314950
0;0;0;0;40;1;0;2;1;1;1;1;1;1;2;0;3;2015;804850
1;0;1;1;7;0;1;0;2;2;2;0;2;2;0;0;3;5885;46570
1;0;1;1;70;1;2;1;2;2;0;0;2;0;0;1;1;9755;6669050
1;0;1;1;60;1;0;2;1;1;1;1;1;1;2;0;1;1965;1161750
1;0;1;1;39;0;1;0;0;0;0;0;0;0;1;1;1;2525;947750
1;0;1;0;72;1;2;1;2;2;2;2;2;2;2;0;1;11445;8375050
0;0;0;0;1;0;1;0;0;0;0;0;2;0;0;1;2;347;3470
1;0;1;1;54;1;2;0;0;2;0;2;2;0;1;1;2;707;37700
1;0;0;0;3;1;2;1;0;0;0;0;0;2;0;1;2;853;26480
0;0;1;1;63;1;0;0;2;2;2;2;2;0;2;0;1;7555;4707850
1;0;1;1;71;1;2;1;0;2;0;2;0;0;2;1;2;848;615240
0;0;0;0;42;1;0;2;1;1;1;1;1;1;1;1;3;2065;95810
1;0;0;0;47;1;0;2;1;1;1;1;1;1;2;0;0;2045;9430
0;0;1;1;66;1;2;1;0;2;2;0;2;2;1;1;1;10245;6615150
0;0;1;0;21;1;2;1;2;0;2;0;2;2;0;1;0;1044;2200250
1;0;0;0;11;0;1;0;0;2;0;2;0;0;0;1;2;3565;42510
1;0;0;1;1;1;2;1;0;0;2;0;2;2;0;1;2;9975;99750
0;1;1;0;55;1;2;1;0;2;2;2;0;0;0;0;2;9045;504480
1;0;0;0;69;1;2;1;0;2;2;2;2;0;2;1;1;9765;6743550
0;1;0;0;3;1;0;1;0;0;2;0;0;0;0;0;2;7385;19640
1;0;0;0;4;1;0;0;0;0;2;2;2;2;0;1;2;744;29970
1;1;0;0;30;1;2;0;0;0;2;2;2;0;2;1;1;691;209390
0;0;0;0;5;1;2;1;0;0;2;2;0;0;0;1;2;8275;417750
0;0;1;0;71;1;2;2;1;1;1;1;1;1;2;1;1;244;172540
0;0;0;0;29;1;2;0;0;2;0;0;0;0;1;1;2;5525;162020
1;0;1;0;52;1;2;0;0;2;0;2;0;0;0;0;0;6135;3169550
1;0;0;0;68;1;2;0;2;2;2;0;0;2;1;0;1;7675;5233250
0;0;1;1;46;1;0;2;1;1;1;1;1;1;2;0;3;194;967850
1;0;0;0;8;1;0;0;0;0;0;0;0;2;0;1;1;5475;438050
1;0;1;0;72;1;0;2;1;1;1;1;1;1;2;0;1;197;142190
0;0;0;0;17;1;0;2;1;1;1;1;1;1;1;0;0;199;323150
1;0;0;0;3;1;0;1;0;2;2;2;2;2;0;1;2;10795;31860
0;1;0;0;2;1;0;1;0;2;0;0;2;0;0;1;0;838;16370
0;0;0;0;9;1;0;1;2;0;0;0;0;0;0;1;1;7425;639650
0;0;0;0;51;0;1;0;0;2;2;0;2;2;1;1;1;564;292850
0;0;1;1;6;1;0;2;1;1;1;1;1;1;2;0;3;201;100350
0;0;1;0;3;1;2;1;0;0;0;0;2;2;0;0;2;949;27320
0;1;0;0;17;1;2;1;0;0;0;0;2;2;0;1;2;942;1608150
1;0;1;0;30;1;2;0;0;0;0;0;0;0;0;0;2;499;1441950
1;0;0;0;31;1;2;0;0;2;0;2;2;0;0;1;2;7105;2168150
0;0;0;0;45;1;0;0;2;0;2;2;2;2;2;0;0;8165;361870
1;0;1;0;64;1;2;1;2;2;2;0;0;0;1;0;0;8945;5692650
1;0;0;0;1;1;2;0;0;0;0;0;2;0;0;1;2;5985;59850
0;1;0;0;1;1;0;1;0;0;0;0;0;0;0;1;2;696;6960
1;1;1;1;61;1;2;1;0;2;0;0;2;2;1;0;2;99;596930
1;0;0;0;1;1;0;2;1;1;1;1;1;1;0;0;3;1905;19050
1;0;0;0;9;0;1;0;0;0;0;0;2;2;0;1;2;454;41880
1;0;1;1;72;1;2;1;2;2;2;2;2;2;2;0;0;11445;8100550
0;0;0;0;1;1;0;2;1;1;1;1;1;1;0;0;3;195;1950
0;0;1;0;7;1;0;0;0;0;0;0;0;0;0;1;3;4425;313450
0;0;1;0;66;1;2;1;0;2;2;2;0;0;1;1;0;9055;6130950
1;0;0;0;1;1;0;1;0;0;0;0;0;0;0;1;2;699;6990
1;0;1;1;40;1;0;2;1;1;1;1;1;1;0;1;0;204;74530
1;0;0;0;16;1;2;0;0;2;2;0;0;2;0;1;0;714;121210
0;0;0;0;2;1;0;1;0;2;0;0;2;0;0;1;0;8715;183750
1;0;1;0;67;1;2;2;1;1;1;1;1;1;2;0;1;2485;158350
0;0;1;0;41;1;0;1;2;2;2;0;2;2;1;1;0;10445;4162050
0;0;1;1;56;1;0;2;1;1;1;1;1;1;2;1;1;198;111990
0;0;0;0;72;1;2;1;2;2;2;2;2;2;2;1;0;11645;8013550
0;0;1;1;3;1;2;1;0;0;0;0;0;2;0;1;0;8475;264850
0;0;1;0;54;1;0;2;1;1;1;1;1;1;2;0;1;2005;110240
1;1;0;0;52;1;2;1;0;2;2;2;2;2;0;1;2;11075;58320
0;0;0;0;50;1;0;1;0;0;2;2;0;2;2;1;0;897;430450
1;0;0;0;14;1;2;1;0;0;0;2;2;0;0;1;2;8995;117840
1;0;1;0;27;1;0;0;2;0;0;0;0;0;1;0;1;487;1421750
0;1;1;0;72;1;2;1;2;2;2;2;0;0;2;1;0;966;682750
1;0;0;0;62;1;0;0;2;2;0;0;2;2;1;1;1;743;4698050
0;0;0;0;12;1;0;0;0;2;0;2;0;0;0;1;2;543;65450
0;1;0;0;44;1;0;0;0;0;2;2;2;2;1;0;0;7485;3268050
1;0;1;1;54;1;0;1;0;2;0;2;0;0;2;1;0;7995;4362050
0;0;0;0;68;1;0;2;1;1;1;1;1;1;2;0;0;2005;138690
1;0;0;0;20;1;0;2;1;1;1;1;1;1;0;0;3;194;41540
1;0;1;1;50;1;2;0;0;0;2;0;0;0;1;0;0;549;261410
1;0;0;0;58;1;2;2;1;1;1;1;1;1;2;1;1;2445;151360
1;0;1;1;35;1;2;1;0;2;0;0;2;0;0;1;0;8965;316160
0;0;0;0;2;1;0;0;0;0;0;0;0;0;0;1;2;454;80950
1;0;1;1;63;1;2;0;2;0;2;2;0;2;2;0;3;757;467670
0;0;1;0;58;1;2;1;2;2;2;0;2;2;1;1;1;11065;6526650
0;0;1;1;27;1;0;2;1;1;1;1;1;1;1;1;3;2055;58330
0;0;1;0;71;1;2;1;2;2;2;2;2;2;2;1;1;11515;807810
0;0;0;0;63;1;0;0;0;0;2;0;0;2;1;0;1;5855;350350
1;0;1;0;71;1;2;1;0;2;2;0;0;2;0;1;0;9325;6669450
0;1;0;0;41;1;2;1;2;2;2;0;2;2;0;1;2;1132;468950
1;1;0;0;13;1;0;1;0;0;0;0;2;2;0;1;2;905;1201150
1;0;0;0;2;1;0;1;0;0;0;0;2;0;0;0;2;79;143650
0;0;1;1;68;1;0;2;1;1;1;1;1;1;2;1;0;1935;1292650
1;0;1;1;1;1;0;0;2;0;0;0;0;0;0;1;3;4875;48750
1;1;0;0;65;1;2;1;2;0;2;2;2;2;2;1;2;10905;710820
1;1;1;0;72;1;2;2;1;1;1;1;1;1;2;1;0;25;1802550
0;0;0;0;28;1;2;0;0;0;0;2;0;0;0;1;1;549;1505150
1;0;1;1;72;1;2;2;1;1;1;1;1;1;2;0;1;2475;185910
0;0;0;0;2;1;0;1;2;2;0;0;2;0;0;1;2;9115;16850
0;0;0;1;18;1;0;2;1;1;1;1;1;1;1;0;0;2015;390850
1;1;1;0;60;1;2;1;0;2;2;0;2;2;1;1;2;10435;6339450
0;1;0;0;26;1;2;0;0;0;0;2;0;2;0;1;2;6605;165240
1;0;0;1;1;1;0;1;0;0;0;0;0;0;0;1;2;7165;71650
0;0;0;0;4;1;0;2;1;1;1;1;1;1;0;0;3;2035;7750
1;0;1;1;68;1;2;0;2;2;2;2;2;2;2;1;1;922;6392850
0;0;0;0;38;1;0;1;0;2;2;2;0;0;0;1;1;8425;326450
0;1;1;0;42;1;2;1;2;0;2;0;2;2;1;1;0;1052;4599150
0;0;1;0;57;1;0;2;1;1;1;1;1;1;2;1;0;196;1134250
1;0;1;0;54;0;1;0;0;2;0;0;0;0;0;0;2;304;1621350
0;0;0;0;12;1;0;1;0;0;0;0;0;2;0;0;0;781;94730
0;0;1;0;44;1;0;0;2;2;2;0;0;0;1;1;3;615;272220
1;0;1;1;42;1;2;0;2;2;0;0;2;0;0;1;0;694;305830
1;0;1;1;72;1;2;2;1;1;1;1;1;1;2;0;0;2475;176960
0;0;1;1;71;1;2;0;2;2;2;2;2;2;2;0;3;9105;6293750
0;0;1;0;19;1;2;1;0;0;2;0;0;2;0;0;3;8965;1761050
0;0;1;0;23;1;2;0;0;0;0;2;2;2;0;1;1;7365;1642750
0;0;0;0;30;1;0;2;1;1;1;1;1;1;2;0;1;194;57850
1;0;0;0;35;1;2;2;1;1;1;1;1;1;1;0;0;262;95490
0;0;0;0;10;1;2;1;2;0;0;0;2;2;0;1;2;987;973250
1;0;0;0;1;1;0;0;0;0;0;0;0;0;0;1;0;4385;43850
1;0;0;0;22;1;0;1;0;0;0;0;0;0;0;1;3;697;149040
1;0;1;1;7;0;1;0;2;2;2;0;0;0;2;0;3;3855;2800
0;0;0;0;36;0;1;0;2;2;2;2;0;2;2;1;3;531;1901250
0;0;1;1;34;1;0;2;1;1;1;1;1;1;0;0;3;2065;71640
1;0;1;1;72;1;2;0;2;2;2;0;0;0;2;0;1;6445;47200
1;0;1;1;36;1;2;2;1;1;1;1;1;1;2;0;1;251;930950
0;0;0;0;1;1;0;1;0;0;2;0;0;0;0;0;2;7635;76350
0;0;0;0;23;1;2;1;0;2;0;0;0;0;0;1;2;7915;1676950
1;1;1;0;32;1;2;1;0;0;0;0;0;2;0;1;2;85;2642050
0;0;1;1;71;1;2;1;2;2;2;2;0;0;1;1;1;9515;6770850
0;1;0;0;23;1;2;1;0;0;2;0;0;0;0;1;3;7935;183530
1;0;1;0;17;1;0;1;0;0;2;0;2;2;1;1;0;9665;1588250
1;0;0;0;1;1;0;0;0;0;2;2;2;2;0;1;2;755;7550
1;0;1;1;12;1;0;2;1;1;1;1;1;1;2;0;3;197;258350
0;0;1;0;72;1;0;2;1;1;1;1;1;1;2;0;1;205;1502250
1;0;0;0;1;1;0;2;1;1;1;1;1;1;0;0;3;192;1920
1;1;1;0;72;1;2;1;0;2;0;0;2;2;2;0;0;9835;692940
1;0;1;1;60;1;2;1;0;0;0;0;0;0;0;0;0;7435;445330
0;0;1;1;61;0;1;0;0;2;2;2;2;0;2;0;1;5135;324440
0;0;1;0;6;1;0;0;0;0;0;0;0;0;0;0;3;4565;323450
1;1;1;0;32;1;2;1;0;0;0;0;0;2;0;0;2;853;266110
0;0;0;1;31;1;2;1;0;0;0;0;2;0;0;1;1;8655;269740
1;0;0;0;19;1;0;1;0;2;0;0;0;0;0;1;1;7385;142450
1;0;1;1;72;1;0;2;1;1;1;1;1;1;2;0;0;203;1401150
0;0;0;0;32;1;2;0;0;2;0;0;0;0;0;1;2;542;173960
1;0;1;0;65;1;2;1;0;2;0;0;0;2;0;1;2;9065;59310
0;0;1;1;45;0;1;0;2;0;0;0;2;2;0;1;0;509;2333850
1;0;0;0;42;1;2;2;1;1;1;1;1;1;1;0;2;2505;949850
1;0;0;0;8;1;2;1;0;0;0;0;0;0;0;1;2;7485;572450
1;0;0;1;32;1;0;2;1;1;1;1;1;1;2;0;3;205;69680
0;1;1;0;22;1;2;0;2;2;0;2;0;0;0;1;3;6355;138180
1;1;1;0;57;0;1;0;0;0;0;0;2;2;0;1;2;4485;2572950
1;0;0;0;1;1;0;0;2;0;0;0;0;0;0;0;2;4795;47950
1;1;0;0;1;1;0;0;0;0;0;0;0;0;0;0;2;451;4510
0;0;1;0;1;1;0;0;0;0;0;0;0;0;0;1;2;45;450
1;0;0;0;24;1;0;1;0;0;0;2;2;2;0;1;2;96;2122450
1;0;0;0;1;1;0;2;1;1;1;1;1;1;0;0;0;2005;20050
1;1;0;0;54;1;2;1;0;2;0;0;0;2;0;1;2;9005;493180
0;0;0;0;4;1;2;2;1;1;1;1;1;1;2;1;1;253;116950
1;0;1;1;65;1;2;1;2;0;2;2;2;2;2;0;0;10865;6937950
0;0;1;0;56;1;2;2;1;1;1;1;1;1;1;0;2;243;126170
1;0;0;0;45;1;0;0;2;0;2;0;2;2;0;1;2;7595;327380
0;0;1;1;71;1;0;2;1;1;1;1;1;1;2;0;1;197;1415850
1;0;1;0;59;1;0;0;2;2;2;0;2;0;1;0;1;664;395820
1;0;0;0;69;0;1;0;0;2;2;0;0;0;1;1;0;3575;2492250
1;0;0;0;19;1;0;2;1;1;1;1;1;1;1;0;3;188;27920
0;0;1;1;55;1;0;2;1;1;1;1;1;1;2;0;1;194;10830
0;0;0;0;38;1;0;2;1;1;1;1;1;1;1;0;3;193;75550
1;0;0;0;10;1;0;0;0;0;0;0;0;0;0;1;2;4555;40260
0;1;1;0;47;1;2;0;2;2;2;0;0;0;0;1;1;6745;32520
0;0;1;0;2;0;1;0;0;0;0;0;0;2;0;1;2;351;68750
1;0;0;0;1;1;0;0;0;0;0;0;0;0;0;0;1;462;4620
0;0;0;0;1;1;0;0;0;0;0;0;0;0;0;0;2;4515;45150
1;1;0;0;1;0;1;0;0;2;2;0;0;2;0;1;2;433;4330
1;0;1;1;46;1;0;2;1;1;1;1;1;1;2;1;3;201;936850
0;1;0;0;38;1;0;0;2;2;0;0;0;0;0;1;1;5715;2250650
0;0;1;0;65;1;0;0;2;0;2;2;0;0;2;0;1;589;385710
0;0;1;0;19;1;0;1;2;0;0;0;0;0;0;1;2;732;144110
1;0;0;0;52;1;0;1;0;2;0;0;0;2;0;1;2;8535;433860
1;0;1;1;71;1;0;2;1;1;1;1;1;1;2;0;3;1945;1378450
0;0;0;0;1;1;0;0;0;0;0;0;0;0;0;0;3;4595;45950
0;1;0;0;52;0;1;0;0;2;2;2;2;0;0;1;2;505;256630
1;0;1;0;6;1;2;2;1;1;1;1;1;1;1;0;3;251;1710
0;1;1;0;26;1;0;0;0;0;2;0;0;2;1;0;3;607;159740
1;1;0;0;48;1;2;1;0;2;0;0;2;2;1;1;2;99;4744350
0;0;1;1;64;1;2;1;2;0;0;2;2;2;1;1;0;1044;672160
0;0;0;0;3;1;0;1;0;2;0;0;2;0;0;0;2;8375;247250
1;0;0;0;1;1;0;0;0;0;0;0;0;0;0;1;0;4405;44050
1;0;1;1;72;1;2;2;1;1;1;1;1;1;2;0;1;241;1734650
1;0;0;0;1;1;0;0;0;0;0;0;0;0;0;1;3;4555;45550
0;0;1;1;51;1;2;1;2;2;0;0;0;2;0;1;2;938;4539350
0;0;1;1;41;1;0;2;1;1;1;1;1;1;2;0;0;197;804250
0;0;1;1;72;1;0;0;2;2;2;0;2;0;2;1;1;7065;5011150
0;0;1;0;43;1;2;0;2;2;0;2;2;2;2;0;1;8645;357450
1;0;1;0;72;1;2;1;2;2;2;2;2;2;2;1;1;1141;808640
1;0;1;0;47;1;2;1;0;0;0;0;2;2;1;1;1;952;45630
1;0;0;0;72;1;2;0;2;2;2;2;2;2;2;0;1;8855;6362350
1;0;0;0;3;1;0;2;1;1;1;1;1;1;0;1;1;2075;6710
1;0;0;0;1;1;0;1;0;0;0;0;0;0;0;1;2;7005;70050
1;0;0;0;2;1;2;1;0;0;0;0;0;2;0;1;2;86;165450
1;0;0;0;26;0;1;0;2;2;0;0;0;2;0;1;0;4465;1156550
1;0;1;1;29;1;0;0;2;0;0;0;0;2;0;1;3;602;1834150
0;1;1;0;35;1;2;1;2;2;0;2;2;0;0;1;0;1005;3653350
1;0;0;0;27;1;0;0;2;2;0;0;0;0;1;0;0;5545;1477650
1;0;1;1;24;1;0;0;2;2;0;2;0;2;0;1;1;703;1706450
1;0;1;1;67;1;0;0;2;0;2;2;0;0;2;1;0;604;395370
0;0;0;0;16;1;2;1;0;0;0;0;0;0;0;0;2;7265;119430
0;0;0;0;23;1;0;0;0;2;2;0;0;0;1;0;0;558;1327850
1;0;0;0;14;0;1;0;0;2;0;0;0;0;0;1;3;311;41970
0;0;1;1;1;1;0;2;1;1;1;1;1;1;0;1;2;21;210
0;1;0;0;1;1;0;0;0;0;0;0;0;0;0;0;3;451;4510
1;1;0;0;4;0;1;0;0;2;0;0;2;2;0;1;1;5095;207350
1;0;0;1;16;1;2;0;2;2;0;0;0;2;0;1;2;691;108370
0;0;1;0;46;0;1;0;0;0;0;0;2;2;0;1;2;4395;2007850
1;0;0;1;68;1;2;0;2;2;0;2;2;2;2;1;0;865;5882750
1;0;0;0;38;1;2;0;2;2;2;2;0;0;0;0;2;6995;2657550
1;1;1;0;30;1;0;0;0;2;0;0;0;0;0;1;0;504;152750
0;1;0;0;5;1;0;1;0;0;0;0;0;2;0;0;2;7895;37840
1;0;0;0;17;1;0;1;0;2;2;0;0;2;0;1;1;9095;161220
1;0;1;1;4;1;0;2;1;1;1;1;1;1;2;0;3;199;76650
0;0;0;0;12;1;0;2;1;1;1;1;1;1;1;0;2;2015;26070
1;0;1;1;72;1;2;0;2;2;2;2;2;2;2;1;1;906;6441850
1;0;0;0;3;1;0;1;0;0;0;0;2;2;0;1;2;92;26680
1;0;0;0;56;1;2;1;0;2;0;2;0;2;0;1;2;9445;512460
0;0;0;0;41;1;2;2;1;1;1;1;1;1;1;1;3;2485;962250
1;0;0;0;40;0;1;0;0;2;0;2;0;0;1;0;1;36;138290
0;0;0;0;7;1;0;0;2;2;0;2;2;2;0;1;2;785;571050
1;0;0;0;69;1;0;2;1;1;1;1;1;1;2;0;1;1995;1399350
1;0;1;1;7;1;0;2;1;1;1;1;1;1;1;0;3;2065;1500
0;0;1;1;5;0;1;0;0;2;0;0;0;0;0;1;2;305;16720
0;0;1;1;72;1;2;1;2;2;2;2;2;0;2;0;1;1061;765740
1;0;1;1;44;1;0;2;1;1;1;1;1;1;1;1;0;205;865050
0;0;0;0;65;1;2;1;0;2;2;0;2;0;1;1;2;955;6153850
0;0;0;0;3;1;2;0;0;0;0;2;2;0;0;0;2;646;17420
1;0;0;0;24;1;0;0;0;0;0;2;0;0;0;1;1;511;126960
0;0;0;0;44;1;2;1;0;2;2;0;0;0;0;1;0;848;3862550
0;1;1;0;72;1;2;0;2;2;2;2;2;2;2;0;1;891;635240
1;0;0;0;24;1;0;0;2;0;0;2;0;0;0;0;2;5495;134850
1;0;0;0;1;1;0;0;0;0;2;0;0;0;0;0;3;509;5090
1;0;1;0;22;1;0;2;1;1;1;1;1;1;0;1;0;2045;471550
1;0;1;1;70;1;2;0;0;2;2;2;2;2;2;1;1;8595;5931750
1;0;1;1;25;1;2;0;0;0;0;0;2;0;0;0;2;6035;1404650
1;0;1;1;37;1;0;2;1;1;1;1;1;1;2;0;0;198;72610
0;1;1;1;22;1;2;1;0;0;0;0;2;0;0;0;0;8535;196160
0;0;1;1;59;1;2;0;0;0;2;2;2;0;2;1;0;721;4194850
1;0;1;1;49;1;2;1;0;0;2;0;2;2;0;1;2;998;4872450
1;0;1;1;47;1;2;1;0;0;2;2;2;2;0;1;0;10735;5118950
0;0;1;1;31;1;0;2;1;1;1;1;1;1;0;1;3;1955;658950
1;0;1;1;1;1;0;1;0;0;0;0;0;2;0;1;2;8105;81050
1;0;0;0;3;1;0;2;1;1;1;1;1;1;0;1;2;205;76950
0;0;1;0;53;1;2;1;0;2;2;2;2;2;1;1;0;1118;5809750
1;0;0;0;1;1;0;2;1;1;1;1;1;1;0;0;3;202;2020
1;0;0;0;20;1;0;2;1;1;1;1;1;1;1;1;3;197;41590
0;0;0;0;3;1;0;1;2;2;0;0;0;0;0;1;2;791;24650
0;0;0;0;51;1;0;2;1;1;1;1;1;1;1;1;0;1985;996950
0;0;1;0;51;1;0;0;2;2;0;2;0;0;1;1;0;605;3145150
0;0;1;1;13;1;0;2;1;1;1;1;1;1;2;0;3;1955;26530
0;0;0;0;1;1;0;2;1;1;1;1;1;1;0;0;3;209;2090
1;0;0;1;1;1;0;2;1;1;1;1;1;1;0;1;3;2105;21050
1;0;0;0;63;1;2;0;2;2;2;2;0;0;1;0;2;715;457630
1;0;0;0;3;1;0;0;0;0;0;0;0;2;0;0;3;5465;18910
1;0;0;0;46;1;0;2;1;1;1;1;1;1;2;0;1;192;908150
1;0;0;0;1;1;2;0;0;0;0;0;0;0;0;1;1;498;4980
1;0;0;1;8;0;1;0;0;0;0;0;0;0;0;0;3;255;21520
0;0;1;1;71;1;0;2;1;1;1;1;1;1;2;0;0;205;1500950
1;0;1;1;55;1;2;1;0;0;2;0;2;0;0;1;1;904;5099150
0;0;0;0;70;1;2;1;0;2;2;2;0;0;1;1;0;9025;6385950
0;0;0;0;2;1;0;1;0;0;0;0;0;2;0;0;2;8075;159450
1;0;1;1;67;1;2;1;2;0;0;2;2;2;2;0;0;1046;6885750
1;0;1;0;65;1;2;1;0;2;0;0;2;0;0;1;0;9185;5940850
1;0;1;0;14;1;0;0;0;0;2;0;0;0;0;0;1;502;668850
0;0;1;1;20;1;2;1;0;0;2;2;0;2;0;1;0;955;191620
1;0;0;1;1;1;0;1;0;2;0;0;0;0;0;1;2;7535;75350
1;0;0;0;1;1;2;1;0;0;0;0;0;0;0;1;2;7545;75450
0;0;1;1;49;1;2;1;0;0;0;0;2;2;0;1;0;954;4613950
0;0;0;0;72;1;2;1;2;2;2;0;2;0;2;1;0;1013;7261250
0;0;1;0;46;1;2;0;2;0;0;0;0;0;0;0;2;531;245980
1;0;0;0;24;1;2;1;0;2;2;0;0;0;0;1;0;8485;204880
0;0;1;1;5;0;1;0;0;2;0;2;0;0;0;0;2;3425;163550
0;0;1;1;33;1;2;1;0;2;2;2;0;0;0;0;1;886;288870
0;0;0;0;42;1;2;0;2;2;0;0;0;0;1;1;0;6015;242160
1;0;0;0;23;1;0;1;2;0;2;0;2;2;1;1;1;9995;2292750
1;0;0;0;8;1;0;1;0;0;0;0;0;0;0;0;0;707;55340
1;0;0;0;66;1;0;0;2;2;0;0;0;0;1;1;3;548;346570
1;0;0;0;24;1;0;0;2;0;0;0;0;0;0;1;0;4955;121040
1;1;0;0;24;1;2;0;0;2;0;0;0;0;0;0;1;548;129130
1;0;0;0;69;1;2;0;2;2;2;2;0;2;1;1;1;786;5356450
0;0;0;0;53;1;0;1;0;2;2;0;2;2;1;1;3;1003;520080
0;0;0;0;60;0;1;0;2;0;2;0;2;2;2;0;2;536;3237050
0;0;1;0;7;1;0;1;0;0;0;0;2;0;0;1;2;811;576650
0;0;0;0;20;1;0;2;1;1;1;1;1;1;1;1;1;1935;433750
0;0;1;1;23;1;2;1;0;0;0;0;0;2;0;0;2;856;186840
1;0;1;1;72;1;0;0;2;0;2;2;2;2;2;1;2;808;5728550
1;0;1;0;11;1;2;1;0;0;0;0;0;0;0;1;2;7495;82570
1;0;0;0;21;1;0;2;1;1;1;1;1;1;2;0;3;196;39040
1;1;0;0;1;1;2;1;0;0;0;0;2;2;0;1;2;9355;93550
1;1;0;0;31;1;2;1;0;2;0;0;2;0;0;1;2;907;2845150
0;0;0;0;57;1;0;0;0;2;2;2;2;0;2;0;3;6975;389440
0;0;1;1;45;1;0;2;1;1;1;1;1;1;2;1;0;20;88640
1;0;0;0;10;1;2;1;0;2;2;0;0;2;0;1;2;9525;1021550
0;0;1;0;58;1;2;1;0;0;2;2;2;2;0;1;1;1021;588540
1;0;0;1;14;1;0;2;1;1;1;1;1;1;0;0;3;1995;26840
1;0;1;0;27;1;2;0;2;0;0;2;2;2;1;0;3;8085;2204350
0;0;1;1;14;1;2;1;0;2;0;0;0;2;0;1;0;909;12590
0;0;1;1;12;0;1;0;0;2;0;0;0;0;0;0;3;292;30910
0;0;1;1;69;1;2;1;0;2;0;2;0;2;2;1;0;933;6398050
0;0;1;1;25;1;0;1;0;2;2;0;2;0;0;1;0;8915;2257750
1;1;1;0;58;1;2;1;2;2;2;0;2;2;1;1;2;10885;6287250
0;0;1;1;35;0;1;0;2;0;0;2;2;0;2;1;1;4635;1662050
0;1;0;0;16;1;2;1;0;0;0;0;2;0;0;1;2;8475;1350150
1;0;1;1;45;1;2;0;0;2;2;0;2;2;1;0;1;7875;3600650
0;0;0;0;17;1;0;1;0;2;0;0;2;0;0;1;2;8355;1329150
0;0;1;1;1;1;0;0;0;0;0;0;0;0;0;1;2;457;4570
1;0;0;0;22;1;0;2;1;1;1;1;1;1;1;0;3;196;42250
0;1;0;0;1;1;0;1;0;0;0;0;0;0;0;1;2;6995;69950
1;0;1;1;67;1;0;0;2;0;2;2;0;2;2;0;3;6785;4627650
0;0;1;1;67;1;2;1;0;0;2;2;2;2;2;1;0;10565;671790
0;0;1;0;2;0;1;0;0;0;0;0;2;2;0;0;2;446;9710
1;0;0;0;23;1;2;1;0;0;0;0;0;0;0;1;2;7495;1710450
0;1;0;0;9;1;0;1;0;0;2;0;0;0;0;0;1;755;63740
0;0;0;0;5;1;0;2;1;1;1;1;1;1;0;0;3;2015;117950
1;0;0;0;54;0;1;0;2;0;0;2;2;0;2;0;1;452;2460550
0;0;0;0;57;1;0;1;0;0;2;0;2;2;2;1;2;9525;5464650
1;0;0;0;24;1;2;1;0;0;2;0;2;0;0;1;3;8985;2165050
0;0;1;1;49;1;2;1;0;2;0;0;2;2;1;0;3;10045;494180
1;0;0;0;5;1;2;0;0;0;0;0;0;0;0;0;2;4715;223150
1;0;0;0;2;1;0;1;0;0;0;0;0;2;0;1;2;802;18110
0;0;0;1;4;1;2;1;0;0;2;2;0;0;0;1;3;871;341450
1;0;1;1;70;1;2;0;2;2;2;2;2;0;2;1;0;7925;5731850
1;0;0;0;5;1;2;1;0;0;0;0;0;0;0;1;0;759;357750
1;0;1;1;53;1;2;0;2;0;2;2;2;2;0;0;2;857;461610
0;0;1;0;47;1;2;1;2;2;2;0;2;0;0;1;2;9875;453370
0;0;0;1;31;1;0;2;1;1;1;1;1;1;1;0;1;201;589250
1;0;1;1;13;1;0;0;0;2;2;2;0;0;0;0;0;618;75010
0;0;1;1;28;1;2;0;0;0;0;0;0;0;0;0;3;499;1410250
0;0;0;0;10;1;2;1;0;0;0;0;0;2;0;0;2;8645;830850
1;0;1;0;38;1;0;2;1;1;1;1;1;1;2;0;0;204;74350
0;0;0;0;1;1;0;0;0;0;0;0;0;0;0;1;3;453;4530
1;0;1;0;67;1;2;1;0;2;2;0;2;2;1;0;2;1041;7040850
1;0;1;0;52;1;0;0;2;2;0;0;2;2;1;1;3;754;3865450
1;0;1;1;62;1;0;1;2;2;2;2;2;2;2;0;3;10815;6825650
0;0;0;0;16;1;0;1;0;2;0;0;0;2;0;1;2;8625;134010
0;1;1;0;5;1;2;1;0;2;0;0;0;0;0;1;2;81;371650
1;0;0;0;12;1;0;1;0;0;2;0;2;2;1;0;2;957;11840
0;0;1;1;72;1;2;1;2;2;2;2;2;2;2;1;0;11685;847770
1;1;0;0;71;1;2;1;0;2;0;2;2;2;1;0;0;10575;7382850
0;0;1;0;24;1;0;2;1;1;1;1;1;1;1;0;3;2015;456850
0;0;0;0;15;1;0;2;1;1;1;1;1;1;2;0;3;196;33160
1;0;1;0;67;1;0;1;2;2;0;0;0;2;1;1;1;906;6056150
1;0;0;1;2;1;2;0;2;2;0;0;0;0;0;0;0;6095;13460
0;0;1;1;5;0;1;0;0;0;0;0;0;0;0;0;3;2505;12550
0;0;1;0;15;1;0;1;0;0;0;0;2;2;0;0;2;8815;139060
1;0;0;0;1;1;0;2;1;1;1;1;1;1;0;1;3;202;2020
1;0;1;1;41;1;0;0;2;2;2;0;0;0;1;1;0;603;251130
0;0;0;1;43;1;0;0;2;2;0;0;0;2;0;1;2;6395;2737050
1;1;1;0;1;1;2;1;0;0;0;0;0;0;0;0;2;743;7430
0;1;0;0;1;1;0;1;0;0;0;0;0;0;0;1;3;706;7060
0;0;1;1;26;1;0;1;0;0;0;0;2;2;0;1;2;908;236180
1;0;0;0;22;1;2;1;0;2;0;0;0;0;0;1;2;7935;1730350
1;0;1;0;71;1;2;0;2;2;2;2;2;2;2;0;0;9055;64040
1;0;0;0;7;1;0;2;1;1;1;1;1;1;2;0;3;1945;165350
0;1;0;0;28;1;2;0;0;2;2;2;0;0;0;0;0;6445;186760
1;1;0;0;16;1;0;1;0;0;0;0;0;0;0;0;2;6965;104330
1;0;0;0;7;1;0;2;1;1;1;1;1;1;1;0;3;195;12860
0;0;0;0;69;1;2;1;0;2;2;2;2;2;2;1;0;1105;7455450
0;0;0;1;1;0;1;0;0;0;0;0;0;0;0;0;3;247;2470
1;0;0;0;3;1;0;0;2;0;2;0;2;2;0;1;2;774;206150
1;1;0;0;21;1;0;1;0;0;2;0;2;2;0;1;0;968;203030
0;0;1;0;69;1;2;1;0;2;2;0;0;0;0;1;0;854;586940
0;0;1;0;71;0;1;0;2;2;2;2;0;0;2;1;0;476;337780
0;0;1;1;69;1;0;2;1;1;1;1;1;1;2;0;3;194;134620
0;0;0;0;48;1;2;1;0;0;2;2;2;2;0;1;2;10385;4946050
1;0;1;0;47;1;2;1;0;2;2;0;0;0;0;1;0;8335;40650
0;0;0;0;2;1;2;0;0;0;0;0;0;0;0;1;2;494;106550
1;0;0;0;45;1;2;1;2;0;2;2;2;2;0;1;1;10845;496470
1;0;0;0;51;1;2;1;0;2;0;0;0;0;0;0;0;81;4085750
0;0;1;0;22;1;2;0;2;0;0;2;2;2;0;1;2;792;1742750
1;0;0;0;72;1;2;0;2;2;2;2;2;2;2;0;0;8665;622480
1;0;1;1;37;1;2;1;0;2;2;0;2;0;0;1;2;9295;3415250
1;0;1;1;71;1;2;0;2;2;2;2;2;2;2;0;2;9035;6325250
1;0;1;1;7;1;0;0;0;0;2;0;0;0;0;0;2;487;340250
0;0;0;0;66;1;2;2;1;1;1;1;1;1;2;1;1;2515;168360
1;0;1;1;51;1;0;0;2;0;0;2;2;2;1;1;0;764;396630
0;0;1;1;30;1;0;2;1;1;1;1;1;1;1;0;0;1955;60850
0;0;0;0;34;1;2;1;0;0;0;0;2;0;0;0;2;8535;289660
1;0;1;1;64;1;2;2;1;1;1;1;1;1;2;1;3;248;1514850
1;1;1;0;65;1;2;1;0;2;2;0;2;2;1;1;0;10315;6792450
1;0;0;0;47;1;2;1;2;2;0;2;2;0;0;0;3;10075;466920
0;0;0;0;1;1;0;1;2;0;0;0;2;2;0;1;2;956;9560
0;0;0;0;49;1;2;0;2;2;0;0;0;0;0;1;1;5975;293430
0;0;1;1;67;1;2;1;0;2;0;2;2;0;2;0;1;941;630280
1;0;0;1;39;1;0;2;1;1;1;1;1;1;1;0;0;1935;77920
1;0;0;0;14;1;0;2;1;1;1;1;1;1;0;0;3;199;283750
0;1;0;0;43;1;0;1;2;2;0;2;2;2;0;1;1;10815;460070
1;1;0;0;56;1;2;1;0;0;2;0;2;2;0;1;2;10105;55940
0;0;0;0;14;1;0;0;0;0;0;2;0;2;1;0;1;591;772850
0;0;0;0;1;1;0;1;0;0;0;0;0;0;0;0;2;7135;71350
1;0;1;1;16;1;0;0;2;2;0;0;0;0;1;1;3;5585;85780
1;0;1;1;70;1;2;1;2;2;0;0;2;2;0;1;2;10605;7554050
1;1;1;0;72;1;2;0;2;2;2;0;2;2;2;1;1;841;5981650
0;0;1;1;23;1;0;1;0;0;2;0;0;0;0;1;1;753;170290
1;0;0;1;21;1;2;2;1;1;1;1;1;1;0;0;3;247;467150
0;0;0;0;1;1;0;2;1;1;1;1;1;1;0;1;3;2015;20150
1;0;0;1;1;1;0;1;0;0;0;0;0;0;0;0;0;6975;69750
0;1;1;0;32;1;2;1;0;0;0;0;2;2;0;1;2;932;29310
1;0;1;1;17;1;0;1;0;0;0;0;2;0;0;0;2;8085;1400850
0;0;0;0;4;0;1;0;2;2;0;0;0;0;0;1;2;3365;137850
0;0;0;0;36;1;2;0;0;0;2;0;0;0;1;0;2;558;194150
0;0;0;0;50;0;1;0;0;2;2;2;0;0;2;0;1;397;1932750
0;0;1;1;48;0;1;0;0;0;0;2;0;0;0;1;1;295;1423050
0;0;0;1;50;1;0;2;1;1;1;1;1;1;2;0;1;2015;970850
1;0;1;0;72;1;2;0;2;2;2;2;0;2;2;0;1;7955;581090
1;0;0;1;10;1;2;2;1;1;1;1;1;1;0;0;1;248;22390
0;0;0;0;18;1;0;2;1;1;1;1;1;1;0;0;3;1965;39170
1;0;0;0;1;1;0;1;0;0;0;0;2;0;0;1;2;7995;79950
0;0;0;0;1;1;0;2;1;1;1;1;1;1;0;0;2;193;1930
1;0;0;0;9;1;0;1;0;0;2;0;2;2;0;1;2;9405;811650
1;0;0;0;2;1;2;1;2;0;0;0;0;2;0;0;3;9075;174750
0;0;1;0;40;1;2;1;0;0;0;2;0;0;0;1;1;7885;3126850
1;0;1;0;69;1;2;1;0;0;2;0;2;2;1;0;0;995;6841450
0;0;1;0;37;1;2;1;2;0;2;2;0;2;1;1;2;992;375460
1;0;0;1;18;1;2;1;0;0;2;0;0;0;0;1;1;8055;1406650
1;1;1;0;11;1;0;1;0;0;0;0;0;0;0;1;2;702;83470
0;0;1;0;8;1;2;1;0;0;0;0;0;2;0;1;1;852;62740
0;0;0;0;3;1;2;1;0;0;0;0;0;0;0;0;2;7525;2420
1;0;1;1;55;1;0;0;2;0;0;0;0;2;1;0;1;5945;31570
1;0;1;0;33;1;2;1;0;2;2;0;0;2;0;1;2;9335;30920
0;0;0;0;46;1;0;0;0;0;0;0;0;0;0;0;0;4495;216890
1;0;0;0;34;1;2;2;1;1;1;1;1;1;2;0;0;261;980350
0;0;0;0;3;1;0;2;1;1;1;1;1;1;0;0;2;202;65950
1;0;1;1;30;1;0;2;1;1;1;1;1;1;2;0;3;2125;71190
0;0;0;0;33;1;2;0;2;0;0;2;0;0;1;0;2;594;195280
1;0;1;1;45;1;2;1;0;2;2;0;0;2;1;1;1;95;4368850
1;0;0;0;40;1;0;0;2;2;0;2;0;0;0;1;3;619;264710
0;0;0;0;71;1;2;1;2;2;2;2;2;2;2;1;2;11865;847760
1;0;0;0;1;1;2;0;0;0;2;0;0;0;0;0;2;5435;54350
0;0;1;1;72;0;1;0;2;2;2;2;2;2;2;0;0;6445;45280
0;0;1;1;22;1;0;1;0;0;0;0;0;2;0;1;2;8015;1790650
1;0;1;1;46;1;0;2;1;1;1;1;1;1;1;1;0;202;84560
0;0;1;1;55;1;0;2;1;1;1;1;1;1;2;0;3;21;121030
1;0;0;0;1;1;0;2;1;1;1;1;1;1;0;0;3;2045;20450
0;0;0;0;12;1;2;0;0;0;0;2;2;2;1;1;3;7585;854450
1;0;0;0;31;1;2;1;0;2;0;0;0;0;0;1;2;8045;242910
1;0;1;0;5;0;1;0;0;0;0;0;0;0;0;1;2;2495;10040
0;0;1;1;67;1;2;0;2;0;0;0;2;2;2;1;2;755;5229450
1;0;0;0;1;1;0;0;0;0;0;0;0;0;0;0;3;4445;44450
1;0;1;0;40;0;1;0;2;2;2;0;0;0;1;1;2;4235;1716450
1;0;1;1;41;1;2;0;2;2;2;0;2;0;0;1;1;7455;3023550
1;0;0;0;1;1;2;1;0;0;0;0;0;0;0;1;2;753;7530
1;0;0;0;51;1;2;1;2;2;0;0;2;0;1;1;2;948;483760
1;0;1;1;42;0;1;0;2;0;2;2;2;0;2;0;1;4815;203230
1;0;1;1;23;1;0;2;1;1;1;1;1;1;1;0;3;1965;43690
0;1;0;0;1;1;0;1;0;0;0;0;0;0;0;1;2;7055;70550
0;0;0;0;1;1;0;2;1;1;1;1;1;1;0;0;3;2015;20150
0;0;0;0;56;1;2;1;2;2;0;0;2;2;0;1;1;1066;5893950
1;0;0;1;15;1;2;1;0;2;0;0;2;0;0;1;2;91;1430050
1;0;1;1;12;1;2;2;1;1;1;1;1;1;2;1;0;254;3130
0;0;1;1;54;1;0;0;2;0;2;2;0;2;2;0;0;6995;3871850
0;0;0;0;7;1;0;0;0;0;0;0;2;2;0;1;2;6685;45810
